종목,code,date,수정 시가,수정 전 시가,수정 종가,수정 전 종가,시가 비율,종가 비율,차이
Samsung HI,010140,2015-01-02,14384.0,19900.0,14207.0,19650.0,0.7228140703517588,0.723002544529262,0.00026068259223888113
Samsung HI,010140,2015-01-06,13336.0,18450.0,13158.0,18200.0,0.7228184281842819,0.722967032967033,0.00020554849111342754
Samsung HI,010140,2015-01-07,13047.0,18050.0,13231.0,18300.0,0.7228254847645429,0.7230054644808743,0.0002489327192853885
Samsung HI,010140,2015-01-08,13372.0,18500.0,13231.0,18300.0,0.7228108108108108,0.7230054644808743,0.00026922849082933187
Samsung HI,010140,2015-01-12,13698.0,18950.0,13592.0,18800.0,0.7228496042216359,0.7229787234042553,0.00017859333676017997
Samsung HI,010140,2015-01-13,13552.0,18750.0,13266.0,18350.0,0.7227733333333334,0.7229427792915532,0.00023438363736871803
Samsung HI,010140,2015-01-16,12938.0,17900.0,12472.0,17250.0,0.7227932960893855,0.7230144927536232,0.0003059366948444664
Samsung HI,010140,2015-01-19,12649.0,17500.0,13158.0,18200.0,0.7228,0.722967032967033,0.0002310381516948956
Samsung HI,010140,2015-01-20,13119.0,18150.0,13266.0,18350.0,0.7228099173553719,0.7229427792915532,0.00018377932526203455
Samsung HI,010140,2015-01-23,13842.0,19150.0,13195.0,18250.0,0.7228198433420365,0.723013698630137,0.0002681211828596819
Samsung HI,010140,2015-01-26,13156.0,18200.0,13014.0,18000.0,0.7228571428571429,0.723,0.00019758940920766577
Samsung HI,010140,2015-01-29,13588.0,18800.0,13592.0,18800.0,0.7227659574468085,0.7229787234042553,0.0002942907592701216
Samsung HI,010140,2015-02-02,13191.0,18250.0,13231.0,18300.0,0.7227945205479452,0.7230054644808743,0.0002917598044442915
Samsung HI,010140,2015-02-04,13842.0,19150.0,13592.0,18800.0,0.7228198433420365,0.7229787234042553,0.00021975759047321297
Samsung HI,010140,2015-02-10,13661.0,18900.0,13266.0,18350.0,0.7228042328042328,0.7229427792915532,0.00019164239728097776
Samsung HI,010140,2015-02-12,13372.0,18500.0,13266.0,18350.0,0.7228108108108108,0.7229427792915532,0.00018254346612567307
Samsung HI,010140,2015-02-16,13553.0,18750.0,13411.0,18550.0,0.7228266666666666,0.7229649595687332,0.00019128576044546985
Samsung HI,010140,2015-02-17,13373.0,18500.0,13484.0,18650.0,0.7228648648648649,0.7230026809651474,0.00019061630601224788
Samsung HI,010140,2015-02-25,13372.0,18500.0,13989.0,19350.0,0.7228108108108108,0.7229457364341085,0.00018663312680045063
Samsung HI,010140,2015-03-02,14385.0,19900.0,14749.0,20400.0,0.7228643216080402,0.7229901960784314,0.0001741025965137366
Samsung HI,010140,2015-03-03,15071.0,20850.0,14676.0,20300.0,0.7228297362110312,0.7229556650246305,0.00017418608040786765
Samsung HI,010140,2015-03-04,14710.0,20350.0,14568.0,20150.0,0.7228501228501228,0.7229776674937965,0.00017641574478477473
Samsung HI,010140,2015-03-06,14565.0,20150.0,14930.0,20650.0,0.7228287841191067,0.723002421307506,0.00024016128201254094
Samsung HI,010140,2015-03-09,14783.0,20450.0,14496.0,20050.0,0.7228850855745721,0.7229925187032419,0.0001485950765610644
Samsung HI,010140,2015-03-10,14638.0,20250.0,14387.0,19900.0,0.7228641975308642,0.722964824120603,0.00013918601069040637
Samsung HI,010140,2015-03-11,14131.0,19550.0,14207.0,19650.0,0.7228132992327366,0.723002544529262,0.00026174914314947006
Samsung HI,010140,2015-03-12,14240.0,19700.0,13881.0,19200.0,0.7228426395939086,0.72296875,0.00017443410395190373
Samsung HI,010140,2015-03-13,13986.0,19350.0,13954.0,19300.0,0.7227906976744186,0.7230051813471503,0.0002966557892877253
Samsung HI,010140,2015-03-17,13480.0,18650.0,13628.0,18850.0,0.7227882037533512,0.7229708222811672,0.00025259460297410996
Samsung HI,010140,2015-03-20,13588.0,18800.0,13628.0,18850.0,0.7227659574468085,0.7229708222811672,0.00028336528673766903
Samsung HI,010140,2015-03-25,13517.0,18700.0,13195.0,18250.0,0.7228342245989304,0.723013698630137,0.00024823047135424936
Samsung HI,010140,2015-03-27,13517.0,18700.0,13266.0,18350.0,0.7228342245989304,0.7229427792915532,0.00015015668699136508
Samsung HI,010140,2015-03-31,13156.0,18200.0,13050.0,18050.0,0.7228571428571429,0.7229916897506925,0.00018609742747666136
Samsung HI,010140,2015-04-02,13409.0,18550.0,13158.0,18200.0,0.7228571428571429,0.722967032967033,0.00015199878400984357
Samsung HI,010140,2015-04-06,13481.0,18650.0,13845.0,19150.0,0.7228418230563003,0.7229765013054831,0.0001862830243301028
Samsung HI,010140,2015-04-07,14132.0,19550.0,14135.0,19550.0,0.7228644501278773,0.7230179028132993,0.0002122391227449283
Samsung HI,010140,2015-04-08,14240.0,19700.0,14279.0,19750.0,0.7228426395939086,0.7229873417721518,0.00020014482949115564
Samsung HI,010140,2015-04-09,14203.0,19650.0,13881.0,19200.0,0.7227989821882952,0.72296875,0.00023482040088851353
Samsung HI,010140,2015-04-10,13914.0,19250.0,13845.0,19150.0,0.7228051948051948,0.7229765013054831,0.00023694615243918804
Samsung HI,010140,2015-04-14,14529.0,20100.0,14351.0,19850.0,0.7228358208955223,0.7229722921914358,0.0001887642132173406
Samsung HI,010140,2015-04-22,13986.0,19350.0,13989.0,19350.0,0.7227906976744186,0.7229457364341085,0.00021445421402532805
Samsung HI,010140,2015-04-23,14132.0,19550.0,14062.0,19450.0,0.7228644501278773,0.7229820051413882,0.00016259742659563425
Samsung HI,010140,2015-04-24,14131.0,19550.0,13917.0,19250.0,0.7228132992327366,0.7229610389610389,0.0002043536516360689
Samsung HI,010140,2015-04-28,14168.0,19600.0,14207.0,19650.0,0.7228571428571429,0.723002544529262,0.00020110810566209558
Samsung HI,010140,2015-04-30,13264.0,18350.0,13122.0,18150.0,0.7228337874659401,0.7229752066115702,0.0001956071858852937
Samsung HI,010140,2015-05-06,13300.0,18400.0,13447.0,18600.0,0.7228260869565217,0.7229569892473118,0.0001810651155421672
Samsung HI,010140,2015-05-11,13336.0,18450.0,13195.0,18250.0,0.7228184281842819,0.723013698630137,0.00027007848706750437
Samsung HI,010140,2015-05-13,12974.0,17950.0,13195.0,18250.0,0.7227855153203343,0.723013698630137,0.00031560025796883995
Samsung HI,010140,2015-05-15,13373.0,18500.0,13122.0,18150.0,0.7228648648648649,0.7229752066115702,0.00015262175755992313
Samsung HI,010140,2015-05-18,13047.0,18050.0,12796.0,17700.0,0.7228254847645429,0.7229378531073446,0.0001554329218185213
Samsung HI,010140,2015-05-21,13010.0,18000.0,12869.0,17800.0,0.7227777777777777,0.7229775280898877,0.00027628841056470677
Samsung HI,010140,2015-05-22,12902.0,17850.0,13519.0,18700.0,0.7228011204481792,0.7229411764705882,0.00019373086907670256
Samsung HI,010140,2015-05-26,13588.0,18800.0,13519.0,18700.0,0.7227659574468085,0.7229411764705882,0.00024236968301505346
Samsung HI,010140,2015-06-03,12794.0,17700.0,12905.0,17850.0,0.7228248587570621,0.72296918767507,0.0001996335673336569
Samsung HI,010140,2015-06-05,12974.0,17950.0,12833.0,17750.0,0.7227855153203343,0.7229859154929578,0.0002771840617210586
Samsung HI,010140,2015-06-08,12902.0,17850.0,13195.0,18250.0,0.7228011204481792,0.723013698630137,0.0002940168109684116
Samsung HI,010140,2015-06-09,13156.0,18200.0,13050.0,18050.0,0.7228571428571429,0.7229916897506925,0.00018609742747666136
Samsung HI,010140,2015-06-11,13083.0,18100.0,12905.0,17850.0,0.722817679558011,0.72296918767507,0.00020956372642411125
Samsung HI,010140,2015-06-12,12939.0,17900.0,12653.0,17500.0,0.7228491620111732,0.7230285714285715,0.00024813599972095535
Samsung HI,010140,2015-06-16,12613.0,17450.0,12074.0,16700.0,0.7228080229226361,0.722994011976048,0.00025724840085949996
Samsung HI,010140,2015-06-17,12070.0,16700.0,12146.0,16800.0,0.7227544910179641,0.7229761904761904,0.0003066483532193631
Samsung HI,010140,2015-06-19,12106.0,16750.0,12037.0,16650.0,0.7227462686567164,0.7229429429429429,0.00027204676129199967
Samsung HI,010140,2015-06-22,12035.0,16650.0,12182.0,16850.0,0.7228228228228228,0.7229673590504451,0.00019992082050845905
Samsung HI,010140,2015-06-23,12433.0,17200.0,12653.0,17500.0,0.7228488372093024,0.7230285714285715,0.00024858522383697235
Samsung HI,010140,2015-06-24,12687.0,17550.0,12653.0,17500.0,0.722905982905983,0.7230285714285715,0.0001695486560735482
Samsung HI,010140,2015-06-26,12468.0,17250.0,12435.0,17200.0,0.7227826086956521,0.7229651162790698,0.0002524431391059956
Samsung HI,010140,2015-06-29,12070.0,16700.0,12037.0,16650.0,0.7227544910179641,0.7229429429429429,0.00026067330322321336
Samsung HI,010140,2015-06-30,12180.0,16850.0,12327.0,17050.0,0.7228486646884273,0.7229912023460411,0.0001971499198761828
Samsung HI,010140,2015-07-01,12613.0,17450.0,13954.0,19300.0,0.7228080229226361,0.7230051813471503,0.0002726929620985308
Samsung HI,010140,2015-07-02,14203.0,19650.0,13989.0,19350.0,0.7227989821882952,0.7229457364341085,0.00020299482854302386
Samsung HI,010140,2015-07-03,14095.0,19500.0,13628.0,18850.0,0.7228205128205129,0.7229708222811672,0.00020790529302416871
Samsung HI,010140,2015-07-22,10554.0,14600.0,10448.0,14450.0,0.7228767123287672,0.7230449826989619,0.0002327246218715162
Samsung HI,010140,2015-07-29,10191.0,14100.0,10267.0,14200.0,0.7227659574468085,0.7230281690140845,0.00036265747105479473
Samsung HI,010140,2015-07-31,9793.0,13550.0,9976.0,13800.0,0.722730627306273,0.7228985507246377,0.00023229181770578755
Samsung HI,010140,2015-08-03,9901.0,13700.0,9579.0,13250.0,0.7227007299270073,0.7229433962264151,0.00033566431434950417
Samsung HI,010140,2015-08-04,9468.0,13100.0,9544.0,13200.0,0.7227480916030534,0.723030303030303,0.0003903175649302426
Samsung HI,010140,2015-08-05,9541.0,13200.0,9435.0,13050.0,0.7228030303030303,0.7229885057471265,0.0002565399624223641
Samsung HI,010140,2015-08-06,9468.0,13100.0,9110.0,12600.0,0.7227480916030534,0.723015873015873,0.00037036726690742316
Samsung HI,010140,2015-08-07,9107.0,12600.0,9110.0,12600.0,0.7227777777777777,0.723015873015873,0.0003293084522503209
Samsung HI,010140,2015-08-10,9142.0,12650.0,8748.0,12100.0,0.7226877470355731,0.7229752066115702,0.00039760640941521874
Samsung HI,010140,2015-08-11,8854.0,12250.0,8748.0,12100.0,0.7227755102040816,0.7229752066115702,0.00027621473829586574
Samsung HI,010140,2015-08-12,8673.0,12000.0,8820.0,12200.0,0.72275,0.7229508196721312,0.0002777777777778212
Samsung HI,010140,2015-08-13,8962.0,12400.0,8893.0,12300.0,0.722741935483871,0.7230081300813008,0.0003681764925657083
Samsung HI,010140,2015-08-18,8962.0,12400.0,8820.0,12200.0,0.722741935483871,0.7229508196721312,0.00028893277741204315
Samsung HI,010140,2015-08-24,7371.0,10200.0,7266.0,10050.0,0.7226470588235294,0.7229850746268657,0.00046752805168304157
Samsung HI,010140,2015-08-26,7552.0,10450.0,7990.0,11050.0,0.7226794258373206,0.7230769230769231,0.0005497302249821701
Samsung HI,010140,2015-08-27,8059.0,11150.0,7809.0,10800.0,0.722780269058296,0.7230555555555556,0.00038072661933719054
Samsung HI,010140,2015-08-28,8094.0,11200.0,8097.0,11200.0,0.7226785714285714,0.7229464285714285,0.0003705075954056891
Samsung HI,010140,2015-08-31,8094.0,11200.0,8134.0,11250.0,0.7226785714285714,0.7230222222222222,0.0004752976922266505
Samsung HI,010140,2015-09-01,8239.0,11400.0,8025.0,11100.0,0.722719298245614,0.722972972972973,0.00035087719298265707
Samsung HI,010140,2015-09-02,7841.0,10850.0,7990.0,11050.0,0.7226728110599079,0.7230769230769231,0.0005588783214039994
Samsung HI,010140,2015-09-03,8057.0,11150.0,7736.0,10700.0,0.7226008968609865,0.7229906542056075,0.0005390904327100543
Samsung HI,010140,2015-09-04,7769.0,10750.0,7772.0,10750.0,0.7226976744186047,0.7229767441860465,0.0003860010293360583
Samsung HI,010140,2015-09-08,7914.0,10950.0,7990.0,11050.0,0.7227397260273972,0.7230769230769231,0.00046633634508896904
Samsung HI,010140,2015-09-10,8203.0,11350.0,9110.0,12600.0,0.7227312775330397,0.723015873015873,0.00039362273147092175
Samsung HI,010140,2015-09-16,8818.0,12200.0,9652.0,13350.0,0.7227868852459016,0.722996254681648,0.00028958578193261086
Samsung HI,010140,2015-09-17,9757.0,13500.0,9471.0,13100.0,0.7227407407407408,0.7229770992366412,0.0003269239041595595
Samsung HI,010140,2015-09-18,9612.0,13300.0,9579.0,13250.0,0.7227067669172932,0.7229433962264151,0.0003273137431741846
Samsung HI,010140,2015-09-23,9251.0,12800.0,8893.0,12300.0,0.722734375,0.7230081300813008,0.00037863347576738704
Samsung HI,010140,2015-09-24,8962.0,12400.0,8893.0,12300.0,0.722741935483871,0.7230081300813008,0.0003681764925657083
Samsung HI,010140,2015-09-25,8817.0,12200.0,8893.0,12300.0,0.7227049180327869,0.7230081300813008,0.00041937571086481107
Samsung HI,010140,2015-09-30,8781.0,12150.0,8893.0,12300.0,0.722716049382716,0.7230081300813008,0.0004039798259971583
Samsung HI,010140,2015-10-01,8962.0,12400.0,9145.0,12650.0,0.722741935483871,0.7229249011857708,0.0002530908834371681
Samsung HI,010140,2015-10-02,9142.0,12650.0,8748.0,12100.0,0.7226877470355731,0.7229752066115702,0.00039760640941521874
Samsung HI,010140,2015-10-05,8817.0,12200.0,8784.0,12150.0,0.7227049180327869,0.7229629629629629,0.0003569269013704579
Samsung HI,010140,2015-10-07,9072.0,12550.0,9291.0,12850.0,0.7228685258964144,0.723035019455253,0.0002302703940454398
Samsung HI,010140,2015-10-13,10444.0,14450.0,10627.0,14700.0,0.7227681660899654,0.7229251700680273,0.0002171787407084791
Samsung HI,010140,2015-10-14,10517.0,14550.0,9869.0,13650.0,0.7228178694158076,0.723003663003663,0.00025697461487750317
Samsung HI,010140,2015-10-15,9938.0,13750.0,10374.0,14350.0,0.7227636363636364,0.7229268292682927,0.0002257391731075309
Samsung HI,010140,2015-10-16,10444.0,14450.0,10230.0,14150.0,0.7227681660899654,0.7229681978798587,0.00027668131251123995
Samsung HI,010140,2015-10-19,10299.0,14250.0,10338.0,14300.0,0.7227368421052631,0.722937062937063,0.0002769547199398259
Samsung HI,010140,2015-10-20,10408.0,14400.0,10302.0,14250.0,0.7227777777777777,0.7229473684210527,0.00023458228175765594
Samsung HI,010140,2015-10-21,10192.0,14100.0,10411.0,14400.0,0.7228368794326241,0.7229861111111111,0.00020641015946720742
Samsung HI,010140,2015-10-27,9865.0,13650.0,9905.0,13700.0,0.7227106227106227,0.722992700729927,0.00039015334320746664
Samsung HI,010140,2015-10-28,9938.0,13750.0,9688.0,13400.0,0.7227636363636364,0.7229850746268657,0.0003062833120636155
Samsung HI,010140,2015-10-29,9830.0,13600.0,9579.0,13250.0,0.7227941176470588,0.7229433962264151,0.0002064872300314713
Samsung HI,010140,2015-10-30,9359.0,12950.0,9615.0,13300.0,0.7227027027027026,0.7229323308270676,0.00031763432699472016
Samsung HI,010140,2015-11-02,9686.0,13400.0,9652.0,13350.0,0.7228358208955223,0.722996254681648,0.00022190126862586812
Samsung HI,010140,2015-11-03,9721.0,13450.0,9905.0,13700.0,0.7227509293680298,0.722992700729927,0.0003344035999992556
Samsung HI,010140,2015-11-04,9974.0,13800.0,9941.0,13750.0,0.7227536231884057,0.7229818181818182,0.00031563033491810444
Samsung HI,010140,2015-11-05,9721.0,13450.0,9579.0,13250.0,0.7227509293680298,0.7229433962264151,0.0002662267328119583
Samsung HI,010140,2015-11-10,9072.0,12550.0,9291.0,12850.0,0.7228685258964144,0.723035019455253,0.0002302703940454398
Samsung HI,010140,2015-11-13,8889.0,12300.0,8784.0,12150.0,0.7226829268292683,0.7229629629629629,0.00038734506197513063
Samsung HI,010140,2015-11-17,8817.0,12200.0,8784.0,12150.0,0.7227049180327869,0.7229629629629629,0.0003569269013704579
Samsung HI,010140,2015-11-18,8781.0,12150.0,8459.0,11700.0,0.722716049382716,0.722991452991453,0.0003809223575153009
Samsung HI,010140,2015-11-23,8636.0,11950.0,8459.0,11700.0,0.7226778242677824,0.722991452991453,0.000433793127668225
Samsung HI,010140,2015-11-24,8456.0,11700.0,8422.0,11650.0,0.7227350427350427,0.7229184549356223,0.0002537107737773381
Samsung HI,010140,2015-11-25,8492.0,11750.0,8422.0,11650.0,0.7227234042553191,0.7229184549356223,0.0002698100718989682
Samsung HI,010140,2015-11-26,8456.0,11700.0,8712.0,12050.0,0.7227350427350427,0.72298755186722,0.00034925792501561137
Samsung HI,010140,2015-11-30,8601.0,11900.0,8351.0,11550.0,0.7227731092436975,0.723030303030303,0.00035571646932019974
Samsung HI,010140,2015-12-01,8419.0,11650.0,8459.0,11700.0,0.7226609442060086,0.722991452991453,0.0004571406537060563
Samsung HI,010140,2015-12-02,8492.0,11750.0,8351.0,11550.0,0.7227234042553191,0.723030303030303,0.00042446184302047385
Samsung HI,010140,2015-12-03,8239.0,11400.0,8351.0,11550.0,0.722719298245614,0.723030303030303,0.0004301407332245599
Samsung HI,010140,2015-12-09,7805.0,10800.0,7699.0,10650.0,0.7226851851851852,0.7229107981220657,0.000312089593164977
Samsung HI,010140,2015-12-10,7696.0,10650.0,7772.0,10750.0,0.7226291079812207,0.7229767441860465,0.00048084009288185126
Samsung HI,010140,2015-12-15,7299.0,10100.0,7338.0,10150.0,0.7226732673267326,0.7229556650246305,0.0003906155129004274
Samsung HI,010140,2015-12-17,7951.0,11000.0,7664.0,10600.0,0.7228181818181818,0.7230188679245283,0.0002775669007402115
Samsung HI,010140,2015-12-18,7589.0,10500.0,7628.0,10550.0,0.7227619047619047,0.7230331753554502,0.0003751841586135951
Samsung HI,010140,2015-12-21,7625.0,10550.0,7664.0,10600.0,0.7227488151658767,0.7230188679245283,0.0003735072079470436
Samsung HI,010140,2015-12-28,8059.0,11150.0,7809.0,10800.0,0.722780269058296,0.7230555555555556,0.00038072661933719054
Samsung HI,010140,2016-01-05,7841.0,10850.0,7628.0,10550.0,0.7226728110599079,0.7230331753554502,0.0004984063080717416
Samsung HI,010140,2016-01-06,7662.0,10600.0,7809.0,10800.0,0.7228301886792453,0.7230555555555556,0.0003116868055001998
Samsung HI,010140,2016-01-11,7444.0,10300.0,7266.0,10050.0,0.7227184466019417,0.7229850746268657,0.000368787730592568
Samsung HI,010140,2016-01-13,7111.0,9840.0,7374.0,10200.0,0.7226626016260163,0.7229411764705882,0.00038533542373664353
Samsung HI,010140,2016-01-15,7372.0,10200.0,7223.0,9990.0,0.7227450980392157,0.723023023023023,0.00038439299297177154
Samsung HI,010140,2016-01-18,7097.0,9820.0,7266.0,10050.0,0.7227087576374746,0.7229850746268657,0.0003821890645996362
Samsung HI,010140,2016-01-21,6648.0,9200.0,6731.0,9310.0,0.7226086956521739,0.7229860365198711,0.0005219199937990249
Samsung HI,010140,2016-01-22,6830.0,9450.0,7230.0,10000.0,0.7227513227513227,0.723,0.0003439519345467268
Samsung HI,010140,2016-01-26,7264.0,10050.0,7223.0,9990.0,0.7227860696517413,0.723023023023023,0.00032772590047136507
Samsung HI,010140,2016-01-27,7444.0,10300.0,7302.0,10100.0,0.7227184466019417,0.722970297029703,0.0003483551520663264
Samsung HI,010140,2016-02-02,7407.0,10250.0,7374.0,10200.0,0.7226341463414634,0.7229411764705882,0.0004246958661612288
Samsung HI,010140,2016-02-04,7227.0,10000.0,7411.0,10250.0,0.7227,0.7230243902439024,0.00044865740116040165
Samsung HI,010140,2016-02-05,7372.0,10200.0,7591.0,10500.0,0.7227450980392157,0.7229523809523809,0.0002867172425549125
Samsung HI,010140,2016-02-11,7220.0,9990.0,7374.0,10200.0,0.7227227227227228,0.7229411764705882,0.0003021736138090203
Samsung HI,010140,2016-02-12,7335.0,10150.0,7411.0,10250.0,0.7226600985221675,0.7230243902439024,0.0005038443054625752
Samsung HI,010140,2016-02-16,7986.0,11050.0,8025.0,11100.0,0.7227149321266968,0.722972972972973,0.00035691631073719865
Samsung HI,010140,2016-02-18,8094.0,11200.0,8097.0,11200.0,0.7226785714285714,0.7229464285714285,0.0003705075954056891
Samsung HI,010140,2016-02-19,8022.0,11100.0,8061.0,11150.0,0.7227027027027026,0.7229596412556054,0.00035539819685714846
Samsung HI,010140,2016-02-23,8095.0,11200.0,7953.0,11000.0,0.7227678571428572,0.723,0.00032108278996234585
Samsung HI,010140,2016-03-02,7734.0,10700.0,7809.0,10800.0,0.722803738317757,0.7230555555555556,0.00034826817367450413
Samsung HI,010140,2016-03-04,8383.0,11600.0,8784.0,12150.0,0.7226724137931034,0.7229629629629629,0.00040188665912943566
Samsung HI,010140,2016-03-09,8817.0,12200.0,8820.0,12200.0,0.7227049180327869,0.7229508196721312,0.0003401360544217358
Samsung HI,010140,2016-03-11,8889.0,12300.0,8784.0,12150.0,0.7226829268292683,0.7229629629629629,0.00038734506197513063
Samsung HI,010140,2016-03-14,8889.0,12300.0,8820.0,12200.0,0.7226829268292683,0.7229508196721312,0.00037055472595548533
Samsung HI,010140,2016-03-15,8817.0,12200.0,8748.0,12100.0,0.7227049180327869,0.7229752066115702,0.0003738559445904954
Samsung HI,010140,2016-03-18,8889.0,12300.0,8820.0,12200.0,0.7226829268292683,0.7229508196721312,0.00037055472595548533
Samsung HI,010140,2016-03-21,8818.0,12200.0,8712.0,12050.0,0.7227868852459016,0.72298755186722,0.00027755197278311883
Samsung HI,010140,2016-03-22,8818.0,12200.0,9363.0,12950.0,0.7227868852459016,0.723011583011583,0.00031078031246112303
Samsung HI,010140,2016-03-23,9359.0,12950.0,8820.0,12200.0,0.7227027027027026,0.7229508196721312,0.000343200343200456
Samsung HI,010140,2016-03-24,8709.0,12050.0,8387.0,11600.0,0.7227385892116183,0.7230172413793103,0.00038540182964441616
Samsung HI,010140,2016-03-25,8383.0,11600.0,8097.0,11200.0,0.7226724137931034,0.7229464285714285,0.0003790250113920868
Samsung HI,010140,2016-03-28,8094.0,11200.0,8061.0,11150.0,0.7226785714285714,0.7229596412556054,0.0003887766494764522
Samsung HI,010140,2016-03-30,8311.0,11500.0,8134.0,11250.0,0.7226956521739131,0.7230222222222222,0.0004516735976737296
Samsung HI,010140,2016-03-31,8239.0,11400.0,7990.0,11050.0,0.722719298245614,0.7230769230769231,0.0004945875326615168
Samsung HI,010140,2016-04-01,7987.0,11050.0,7953.0,11000.0,0.7228054298642534,0.723,0.0002691149872012799
Samsung HI,010140,2016-04-05,7805.0,10800.0,7699.0,10650.0,0.7226851851851852,0.7229107981220657,0.000312089593164977
Samsung HI,010140,2016-04-07,7625.0,10550.0,7628.0,10550.0,0.7227488151658767,0.7230331753554502,0.0003932878867330958
Samsung HI,010140,2016-04-12,8058.0,11150.0,8061.0,11150.0,0.7226905829596413,0.7229596412556054,0.00037216226274661146
Samsung HI,010140,2016-04-14,8275.0,11450.0,8422.0,11650.0,0.722707423580786,0.7229184549356223,0.0002919158494233409
Samsung HI,010140,2016-04-15,8420.0,11650.0,8387.0,11600.0,0.7227467811158799,0.7230172413793103,0.0003740716651715603
Samsung HI,010140,2016-04-19,8022.0,11100.0,8387.0,11600.0,0.7227027027027026,0.7230172413793103,0.0004350362046797729
Samsung HI,010140,2016-04-20,8419.0,11650.0,8134.0,11250.0,0.7226609442060086,0.7230222222222222,0.0004996776103274314
Samsung HI,010140,2016-04-25,8166.0,11300.0,7736.0,10700.0,0.7226548672566372,0.7229906542056075,0.00046444161762959624
Samsung HI,010140,2016-04-28,7913.0,10950.0,7772.0,10750.0,0.722648401826484,0.7229767441860465,0.0004541534180773077
Samsung HI,010140,2016-04-29,7660.0,10600.0,7736.0,10700.0,0.7226415094339622,0.7229906542056075,0.0004829174064897579
Samsung HI,010140,2016-05-02,7697.0,10650.0,7302.0,10100.0,0.7227230046948356,0.722970297029703,0.0003420504768775201
Samsung HI,010140,2016-05-03,7371.0,10200.0,7266.0,10050.0,0.7226470588235294,0.7229850746268657,0.00046752805168304157
Samsung HI,010140,2016-05-11,6901.0,9550.0,6731.0,9310.0,0.7226178010471204,0.7229860365198711,0.000509325843308539
Samsung HI,010140,2016-05-13,6829.0,9450.0,6666.0,9220.0,0.7226455026455026,0.7229934924078091,0.0004813179730670525
Samsung HI,010140,2016-05-16,6628.0,9170.0,6724.0,9300.0,0.7227917121046892,0.723010752688172,0.0003029561907184064
Samsung HI,010140,2016-05-17,6785.0,9390.0,6586.0,9110.0,0.722577209797657,0.7229418221734358,0.0005043453907295214
Samsung HI,010140,2016-05-23,6453.0,8930.0,6319.0,8740.0,0.7226203807390817,0.7229977116704805,0.0005218978225075555
Samsung HI,010140,2016-05-25,6107.0,8450.0,6160.0,8520.0,0.7227218934911243,0.7230046948356808,0.00039114731422429383
Samsung HI,010140,2016-06-02,7054.0,9760.0,6724.0,9300.0,0.7227459016393443,0.723010752688172,0.0003663168878790257
Samsung HI,010140,2016-06-07,7299.0,10100.0,7374.0,10200.0,0.7226732673267326,0.7229411764705882,0.0003705822168872386
Samsung HI,010140,2016-06-08,7335.0,10150.0,7266.0,10050.0,0.7226600985221675,0.7229850746268657,0.0004494921349045278
Samsung HI,010140,2016-06-09,7263.0,10050.0,7027.0,9720.0,0.7226865671641791,0.7229423868312758,0.0003538589958985705
Samsung HI,010140,2016-06-10,7040.0,9740.0,7086.0,9800.0,0.7227926078028748,0.7230612244897959,0.0003714992283131435
Samsung HI,010140,2016-06-14,6830.0,9450.0,6833.0,9450.0,0.7227513227513227,0.7230687830687831,0.00043904580711262575
Samsung HI,010140,2016-06-15,6800.0,9410.0,6608.0,9140.0,0.722635494155154,0.7229759299781182,0.00047088126844618827
Samsung HI,010140,2016-06-16,6619.0,9160.0,6615.0,9150.0,0.7225982532751092,0.7229508196721312,0.0004876768756992833
Samsung HI,010140,2016-06-17,6642.0,9190.0,6500.0,8990.0,0.7227421109902068,0.7230255839822024,0.00039206495354471294
Samsung HI,010140,2016-06-20,6540.0,9050.0,6629.0,9170.0,0.7226519337016575,0.7229007633587786,0.0003442099797557052
Samsung HI,010140,2016-06-21,6634.0,9180.0,6615.0,9150.0,0.7226579520697167,0.7229508196721312,0.0004051003117296892
Samsung HI,010140,2016-06-27,6208.0,8590.0,6435.0,8900.0,0.7227008149010478,0.7230337078651685,0.00046041140336827713
Samsung HI,010140,2016-06-28,6315.0,8740.0,6702.0,9270.0,0.7225400457665904,0.7229773462783171,0.0006048606003740131
Samsung HI,010140,2016-06-29,6655.0,9210.0,6615.0,9150.0,0.7225841476655809,0.7229508196721312,0.0005071880362713665
Samsung HI,010140,2016-06-30,6699.0,9270.0,6622.0,9160.0,0.7226537216828479,0.7229257641921397,0.00037630766915019986
Samsung HI,010140,2016-07-01,6648.0,9200.0,6579.0,9100.0,0.7226086956521739,0.722967032967033,0.0004956482087274949
Samsung HI,010140,2016-07-04,6598.0,9130.0,6579.0,9100.0,0.7226725082146769,0.722967032967033,0.0004073833783919678
Samsung HI,010140,2016-07-05,6577.0,9100.0,6507.0,9000.0,0.7227472527472527,0.723,0.00034958126244433174
Samsung HI,010140,2016-07-11,6461.0,8940.0,6608.0,9140.0,0.7227069351230425,0.7229759299781182,0.0003720661282372584
Samsung HI,010140,2016-07-12,6619.0,9160.0,6666.0,9220.0,0.7225982532751092,0.7229934924078091,0.000546670387562731
Samsung HI,010140,2016-07-13,6736.0,9320.0,7042.0,9740.0,0.7227467811158799,0.7229979466119096,0.0003473944804501805
Samsung HI,010140,2016-07-15,7263.0,10050.0,7338.0,10150.0,0.7226865671641791,0.7229556650246305,0.00037221903564754744
Samsung HI,010140,2016-07-18,7552.0,10450.0,7664.0,10600.0,0.7226794258373206,0.7230188679245283,0.00046947887844495106
Samsung HI,010140,2016-07-19,7732.0,10700.0,7699.0,10650.0,0.7226168224299065,0.7229107981220657,0.00040665555546115506
Samsung HI,010140,2016-07-20,7589.0,10500.0,7664.0,10600.0,0.7227619047619047,0.7230188679245283,0.00035540312158266474
Samsung HI,010140,2016-07-21,7552.0,10450.0,7699.0,10650.0,0.7226794258373206,0.7229107981220657,0.00032005647909283397
Samsung HI,010140,2016-08-03,6785.0,9390.0,6666.0,9220.0,0.722577209797657,0.7229934924078091,0.0005757764274829658
Samsung HI,010140,2016-08-04,6728.0,9310.0,6666.0,9220.0,0.7226638023630505,0.7229934924078091,0.0004560069325943994
Samsung HI,010140,2016-08-05,6700.0,9270.0,6840.0,9460.0,0.7227615965480043,0.7230443974630021,0.0003911252420875089
Samsung HI,010140,2016-08-08,6917.0,9570.0,6883.0,9520.0,0.7227795193312435,0.7230042016806723,0.00031076216280134794
Samsung HI,010140,2016-08-09,6952.0,9620.0,6919.0,9570.0,0.7226611226611227,0.7229885057471265,0.00045281921275563963
Samsung HI,010140,2016-08-10,6944.0,9610.0,6673.0,9230.0,0.7225806451612903,0.7229685807150595,0.0005365870165278119
Samsung HI,010140,2016-08-11,6663.0,9220.0,6695.0,9260.0,0.7226681127982646,0.7230021598272138,0.00046202770546222016
Samsung HI,010140,2016-08-16,6830.0,9450.0,7143.0,9880.0,0.7227513227513227,0.7229757085020243,0.0003103641630871623
Samsung HI,010140,2016-08-17,7176.0,9930.0,7027.0,9720.0,0.7226586102719034,0.7229423868312758,0.00039252997824101854
Samsung HI,010140,2016-08-23,7090.0,9810.0,7374.0,10200.0,0.7227319062181448,0.7229411764705882,0.0002894706502472033
Samsung HI,010140,2016-08-24,7444.0,10300.0,7302.0,10100.0,0.7227184466019417,0.722970297029703,0.0003483551520663264
Samsung HI,010140,2016-08-26,7125.0,9860.0,6940.0,9600.0,0.7226166328600405,0.7229166666666667,0.00041503235498718816
Samsung HI,010140,2016-08-30,6802.0,9410.0,6833.0,9450.0,0.7228480340063762,0.7230687830687831,0.000305294693362379
Samsung HI,010140,2016-08-31,6793.0,9400.0,6998.0,9680.0,0.7226595744680852,0.7229338842975207,0.0003794397183389808
Samsung HI,010140,2016-09-01,6988.0,9670.0,7057.0,9760.0,0.7226473629782834,0.7230532786885245,0.0005613911480734091
Samsung HI,010140,2016-09-06,7140.0,9880.0,7042.0,9740.0,0.7226720647773279,0.7229979466119096,0.00045073687430075005
Samsung HI,010140,2016-09-12,7227.0,10000.0,7302.0,10100.0,0.7227,0.722970297029703,0.00037387017255541277
Samsung HI,010140,2016-09-13,7407.0,10250.0,7302.0,10100.0,0.7226341463414634,0.722970297029703,0.0004649578130949683
Samsung HI,010140,2016-09-26,7407.0,10250.0,7411.0,10250.0,0.7226341463414634,0.7230243902439024,0.0005397382269599627
Samsung HI,010140,2016-09-28,7552.0,10450.0,7374.0,10200.0,0.7226794258373206,0.7229411764705882,0.00036206352852319323
Samsung HI,010140,2016-09-29,7407.0,10250.0,7664.0,10600.0,0.7226341463414634,0.7230188679245283,0.0005321044859718516
Samsung HI,010140,2016-09-30,7911.0,9500.0,7805.0,9370.0,0.8327368421052631,0.8329775880469584,0.0002890185104016396
Samsung HI,010140,2016-10-04,7910.0,9500.0,7955.0,9550.0,0.8326315789473684,0.8329842931937173,0.0004234344503621923
Samsung HI,010140,2016-10-10,8027.0,9640.0,8005.0,9610.0,0.8326763485477179,0.8329864724245577,0.00037230361729301276
Samsung HI,010140,2016-10-11,8178.0,9820.0,8280.0,9940.0,0.8327902240325865,0.8329979879275654,0.0002494170430060727
Samsung HI,010140,2016-10-12,8261.0,9920.0,8580.0,10300.0,0.8327620967741935,0.8330097087378641,0.00029724979321754663
Samsung HI,010140,2016-10-13,8577.0,10300.0,8580.0,10300.0,0.8327184466019417,0.8330097087378641,0.00034965034965039887
Samsung HI,010140,2016-10-14,8578.0,10300.0,8372.0,10050.0,0.8328155339805825,0.8330348258706468,0.00026324456463766577
Samsung HI,010140,2016-10-17,8536.0,10250.0,8330.0,10000.0,0.832780487804878,0.833,0.00026352004216323444
Samsung HI,010140,2016-10-27,7961.0,9560.0,8013.0,9620.0,0.8327405857740586,0.832952182952183,0.0002540328033889816
Samsung HI,010140,2016-11-03,7819.0,9390.0,7672.0,9210.0,0.8326943556975506,0.8330076004343105,0.0003760406706933006
Samsung HI,010140,2016-11-04,7686.0,9230.0,7531.0,9040.0,0.8327193932827736,0.8330752212389381,0.0004271258430125213
Samsung HI,010140,2016-11-10,7536.0,9050.0,7630.0,9160.0,0.8327071823204419,0.8329694323144105,0.00031483747637639503
Samsung HI,010140,2016-11-11,7586.0,9110.0,7531.0,9040.0,0.8327113062568606,0.8330752212389381,0.00043683328083654605
Samsung HI,010140,2016-11-14,7519.0,9030.0,7856.0,9430.0,0.8326688815060909,0.8330858960763521,0.0005005661147611251
Samsung HI,010140,2016-11-24,7294.0,8760.0,7105.0,8530.0,0.832648401826484,0.8329425556858148,0.0003531502350585525
Samsung HI,010140,2016-11-25,7062.0,8480.0,7139.0,8570.0,0.8327830188679245,0.833022170361727,0.0002870889903190399
Samsung HI,010140,2016-11-28,7036.0,8450.0,7297.0,8760.0,0.8326627218934911,0.8329908675799087,0.00039393671550203013
Samsung HI,010140,2016-11-29,7236.0,8690.0,7005.0,8410.0,0.8326812428078251,0.832936979785969,0.0003070304048808925
Samsung HI,010140,2016-11-30,7003.0,8410.0,6914.0,8300.0,0.8326991676575506,0.8330120481927711,0.0003756014524631812
Samsung HI,010140,2016-12-01,7145.0,8580.0,7322.0,8790.0,0.8327505827505828,0.8329920364050057,0.0002898631005705532
Samsung HI,010140,2016-12-13,8027.0,9640.0,7946.0,9540.0,0.8326763485477179,0.8329140461215933,0.00028538067641215026
Samsung HI,010140,2016-12-14,7978.0,9580.0,7822.0,9390.0,0.832776617954071,0.8330138445154419,0.0002847810548801677
Samsung HI,010140,2016-12-19,7752.0,9310.0,7856.0,9430.0,0.8326530612244898,0.8330858960763521,0.0005195560912756303
Samsung HI,010140,2016-12-20,7853.0,9430.0,7897.0,9480.0,0.8327677624602333,0.8330168776371308,0.00029905177624267587
Samsung HI,010140,2016-12-21,7910.0,9500.0,8047.0,9660.0,0.8326315789473684,0.8330227743271221,0.00046960946544316595
Samsung HI,010140,2016-12-23,7894.0,9480.0,7856.0,9430.0,0.8327004219409283,0.8330858960763521,0.00046270635145695405
Samsung HI,010140,2016-12-28,7786.0,9350.0,7813.0,9380.0,0.8327272727272728,0.8329424307036247,0.00025831074083981775
Samsung HI,010140,2017-01-04,7819.0,9390.0,7772.0,9330.0,0.8326943556975506,0.8330117899249732,0.00038106810883331566
Samsung HI,010140,2017-01-06,8286.0,9950.0,8280.0,9940.0,0.8327638190954774,0.8329979879275654,0.0002811157235452777
Samsung HI,010140,2017-01-11,8744.0,10500.0,8871.0,10650.0,0.8327619047619048,0.8329577464788732,0.0002351160281494069
Samsung HI,010140,2017-01-19,8744.0,10500.0,8622.0,10350.0,0.8327619047619048,0.8330434782608696,0.00033800576598064236
Samsung HI,010140,2017-01-20,8535.0,10250.0,8580.0,10300.0,0.8326829268292683,0.8330097087378641,0.00039229063619306004
Samsung HI,010140,2017-01-23,8619.0,10350.0,8663.0,10400.0,0.8327536231884058,0.8329807692307692,0.0002726906199445045
Samsung HI,010140,2017-01-31,8744.0,10500.0,8663.0,10400.0,0.8327619047619048,0.8329807692307692,0.0002627485254750317
Samsung HI,010140,2017-02-01,8619.0,10350.0,8871.0,10650.0,0.8327536231884058,0.8329577464788732,0.0002450583974160647
Samsung HI,010140,2017-02-08,8577.0,10300.0,8580.0,10300.0,0.8327184466019417,0.8330097087378641,0.00034965034965039887
Samsung HI,010140,2017-02-13,9035.0,10850.0,8954.0,10750.0,0.8327188940092166,0.8329302325581396,0.0002537289927319053
Samsung HI,010140,2017-02-14,9035.0,10850.0,8913.0,10700.0,0.8327188940092166,0.8329906542056075,0.00032624639306433334
Samsung HI,010140,2017-02-15,8952.0,10750.0,8997.0,10800.0,0.8327441860465117,0.8330555555555555,0.0003737680001860699
Samsung HI,010140,2017-02-20,8785.0,10550.0,8538.0,10250.0,0.8327014218009479,0.8329756097560975,0.0003291668470700726
Samsung HI,010140,2017-02-22,8827.0,10600.0,8997.0,10800.0,0.8327358490566038,0.8330555555555555,0.00038377572398340387
Samsung HI,010140,2017-03-08,10327.0,12400.0,10121.0,12150.0,0.8328225806451612,0.8330041152263374,0.00021792759226268998
Samsung HI,010140,2017-03-09,9952.0,11950.0,9788.0,11750.0,0.8328033472803348,0.8330212765957447,0.0002616131442649827
Samsung HI,010140,2017-03-10,9702.0,11650.0,9954.0,11950.0,0.8327896995708155,0.8329707112970711,0.00021730863258540012
Samsung HI,010140,2017-03-13,9910.0,11900.0,9996.0,12000.0,0.8327731092436975,0.833,0.0002723778587063741
Samsung HI,010140,2017-03-14,9994.0,12000.0,9705.0,11650.0,0.8328333333333333,0.8330472103004292,0.00025674051176372004
Samsung HI,010140,2017-03-16,9911.0,11900.0,10163.0,12200.0,0.8328571428571429,0.8330327868852458,0.0002108488775810491
Samsung HI,010140,2017-03-17,10159.0,12200.0,10204.0,12250.0,0.8327049180327869,0.8329795918367346,0.00032974853962763895
Samsung HI,010140,2017-03-21,10159.0,12200.0,9871.0,11850.0,0.8327049180327869,0.8329957805907173,0.000349176508102067
Samsung HI,010140,2017-03-24,9993.0,12000.0,9913.0,11900.0,0.83275,0.8330252100840336,0.00033037425602744364
Samsung HI,010140,2017-03-27,9952.0,11950.0,9788.0,11750.0,0.8328033472803348,0.8330212765957447,0.0002616131442649827
Samsung HI,010140,2017-03-28,9827.0,11800.0,9871.0,11850.0,0.8327966101694916,0.8329957805907173,0.00023910135665339283
Samsung HI,010140,2017-03-29,9910.0,11900.0,9621.0,11550.0,0.8327731092436975,0.8329870129870129,0.0002567912104035619
Samsung HI,010140,2017-04-03,9286.0,11150.0,9080.0,10900.0,0.8328251121076233,0.8330275229357799,0.0002429821615534955
Samsung HI,010140,2017-04-13,8744.0,10500.0,8538.0,10250.0,0.8327619047619048,0.8329756097560975,0.0002565561244407544
Samsung HI,010140,2017-04-14,8535.0,10250.0,8538.0,10250.0,0.8326829268292683,0.8329756097560975,0.00035137034434296055
Samsung HI,010140,2017-04-17,8577.0,10300.0,8622.0,10350.0,0.8327184466019417,0.8330434782608696,0.00039017370330585166
Samsung HI,010140,2017-04-18,8660.0,10400.0,8622.0,10350.0,0.8326923076923077,0.8330434782608696,0.00042155130881638136
Samsung HI,010140,2017-04-25,8827.0,10600.0,8913.0,10700.0,0.8327358490566038,0.8329906542056075,0.0003058919661549364
Samsung HI,010140,2017-04-26,8993.0,10800.0,9247.0,11100.0,0.8326851851851852,0.8330630630630631,0.0004536005671509358
Samsung HI,010140,2017-04-28,9119.0,10950.0,8997.0,10800.0,0.8327853881278539,0.8330555555555555,0.00032430901624747044
Samsung HI,010140,2017-05-16,9494.0,11400.0,9705.0,11650.0,0.8328070175438597,0.8330472103004292,0.00028833030541319804
Samsung HI,010140,2017-05-17,9702.0,11650.0,9621.0,11550.0,0.8327896995708155,0.8329870129870129,0.00023687454080456583
Samsung HI,010140,2017-05-19,9493.0,11400.0,9579.0,11500.0,0.8327192982456141,0.8329565217391305,0.0002847969699800723
Samsung HI,010140,2017-05-22,9659.0,11600.0,9579.0,11500.0,0.8326724137931034,0.8329565217391305,0.0003410837644128861
Samsung HI,010140,2017-05-24,9868.0,11850.0,9913.0,11900.0,0.8327426160337553,0.8330252100840336,0.0003392382929801041
Samsung HI,010140,2017-05-25,9993.0,12000.0,10579.0,12700.0,0.83275,0.832992125984252,0.00029067019567075025
Samsung HI,010140,2017-05-29,10493.0,12600.0,10246.0,12300.0,0.8327777777777777,0.8330081300813008,0.0002765306786388644
Samsung HI,010140,2017-05-30,10159.0,12200.0,10246.0,12300.0,0.8327049180327869,0.8330081300813008,0.0003639965056335681
Samsung HI,010140,2017-05-31,10243.0,12300.0,10246.0,12300.0,0.8327642276422764,0.8330081300813008,0.00029279718914698716
Samsung HI,010140,2017-06-12,9952.0,11950.0,10246.0,12300.0,0.8328033472803348,0.8330081300813008,0.0002458352968848221
Samsung HI,010140,2017-06-13,10326.0,12400.0,10912.0,13100.0,0.832741935483871,0.8329770992366412,0.00028231718853466425
Samsung HI,010140,2017-06-15,11242.0,13500.0,11329.0,13600.0,0.8327407407407408,0.8330147058823529,0.00032888391966856556
Samsung HI,010140,2017-06-16,11285.0,13550.0,11079.0,13300.0,0.8328413284132842,0.8330075187969925,0.00019950646297695052
Samsung HI,010140,2017-06-21,10826.0,13000.0,10621.0,12750.0,0.8327692307692308,0.8330196078431372,0.0003005656428120007
Samsung HI,010140,2017-06-26,10659.0,12800.0,10537.0,12650.0,0.832734375,0.8329644268774704,0.0002761845164658272
Samsung HI,010140,2017-07-03,10493.0,12600.0,10579.0,12700.0,0.8327777777777777,0.832992125984252,0.00025732320845284207
Samsung HI,010140,2017-07-07,10243.0,12300.0,10287.0,12350.0,0.8327642276422764,0.8329554655870446,0.00022958963914521124
Samsung HI,010140,2017-07-11,9994.0,12000.0,9705.0,11650.0,0.8328333333333333,0.8330472103004292,0.00025674051176372004
Samsung HI,010140,2017-07-13,9910.0,11900.0,9954.0,11950.0,0.8327731092436975,0.8329707112970711,0.00023722569196449328
Samsung HI,010140,2017-07-14,10035.0,12050.0,9913.0,11900.0,0.8327800829875519,0.8330252100840336,0.00029426131828225177
Samsung HI,010140,2017-07-17,9910.0,11900.0,9996.0,12000.0,0.8327731092436975,0.833,0.0002723778587063741
Samsung HI,010140,2017-07-18,9993.0,12000.0,9579.0,11500.0,0.83275,0.8329565217391305,0.00024793819814183937
Samsung HI,010140,2017-07-24,10160.0,12200.0,9954.0,11950.0,0.8327868852459016,0.8329707112970711,0.00022068729269397735
Samsung HI,010140,2017-07-25,9868.0,11850.0,9871.0,11850.0,0.8327426160337553,0.8329957805907173,0.0003039205754229446
Samsung HI,010140,2017-07-28,10035.0,12050.0,9579.0,11500.0,0.8327800829875519,0.8329565217391305,0.00021182228240457235
Samsung HI,010140,2017-08-02,9702.0,11650.0,9621.0,11550.0,0.8327896995708155,0.8329870129870129,0.00023687454080456583
Samsung HI,010140,2017-08-03,9618.0,11550.0,9538.0,11450.0,0.8327272727272728,0.8330131004366812,0.00034312510722656064
Samsung HI,010140,2017-08-04,9535.0,11450.0,9579.0,11500.0,0.8327510917030567,0.8329565217391305,0.00024662756183824186
Samsung HI,010140,2017-08-07,9618.0,11550.0,9621.0,11550.0,0.8327272727272728,0.8329870129870129,0.00031181789834722196
Samsung HI,010140,2017-08-08,9618.0,11550.0,9329.0,11200.0,0.8327272727272728,0.8329464285714285,0.00026310917081617813
Samsung HI,010140,2017-08-11,8953.0,10750.0,9080.0,10900.0,0.8328372093023256,0.8330275229357799,0.00022846019875011336
Samsung HI,010140,2017-08-14,9119.0,10950.0,8997.0,10800.0,0.8327853881278539,0.8330555555555555,0.00032430901624747044
Samsung HI,010140,2017-08-18,8660.0,10400.0,8622.0,10350.0,0.8326923076923077,0.8330434782608696,0.00042155130881638136
Samsung HI,010140,2017-08-21,8535.0,10250.0,8580.0,10300.0,0.8326829268292683,0.8330097087378641,0.00039229063619306004
Samsung HI,010140,2017-08-23,8828.0,10600.0,9080.0,10900.0,0.8328301886792453,0.8330275229357799,0.0002368880392320527
Samsung HI,010140,2017-08-24,9035.0,10850.0,8954.0,10750.0,0.8327188940092166,0.8329302325581396,0.0002537289927319053
Samsung HI,010140,2017-08-25,9035.0,10850.0,9204.0,11050.0,0.8327188940092166,0.8329411764705882,0.00026686453695734524
Samsung HI,010140,2017-08-28,9244.0,11100.0,9371.0,11250.0,0.8327927927927928,0.8329777777777778,0.00022207673472207645
Samsung HI,010140,2017-08-31,9119.0,10950.0,8913.0,10700.0,0.8327853881278539,0.8329906542056075,0.00024642062515023433
Samsung HI,010140,2017-09-08,8535.0,10250.0,8538.0,10250.0,0.8326829268292683,0.8329756097560975,0.00035137034434296055
Samsung HI,010140,2017-09-11,8536.0,10250.0,8280.0,9940.0,0.832780487804878,0.8329979879275654,0.00026110521974787027
Samsung HI,010140,2017-09-14,8269.0,9930.0,8288.0,9950.0,0.8327291037260826,0.832964824120603,0.00028298961456063587
Samsung HI,010140,2017-09-26,8577.0,10300.0,9329.0,11200.0,0.8327184466019417,0.8329464285714285,0.00027370544091032123
Samsung HI,010140,2017-09-28,9244.0,11100.0,9038.0,10850.0,0.8327927927927928,0.8329953917050691,0.00024321732664278617
Samsung HI,010140,2017-10-11,9119.0,10950.0,9621.0,11550.0,0.8327853881278539,0.8329870129870129,0.00024205042337466232
Samsung HI,010140,2017-10-16,9785.0,11750.0,9871.0,11850.0,0.8327659574468085,0.8329957805907173,0.00027589952946205365
Samsung HI,010140,2017-10-17,9868.0,11850.0,9538.0,11450.0,0.8327426160337553,0.8330131004366812,0.00032470606138612634
Samsung HI,010140,2017-10-19,9536.0,11450.0,9663.0,11600.0,0.8328384279475982,0.8330172413793103,0.00021465753988003655
Samsung HI,010140,2017-10-24,9243.0,11100.0,9288.0,11150.0,0.8327027027027027,0.8330044843049328,0.00036228088553669213
Samsung HI,010140,2017-10-25,9327.0,11200.0,9247.0,11100.0,0.8327678571428572,0.8330630630630631,0.0003543620324738539
Samsung HI,010140,2017-10-26,9202.0,11050.0,9247.0,11100.0,0.8327601809954751,0.8330630630630631,0.00036357639777517825
Samsung HI,010140,2017-11-03,9660.0,11600.0,9996.0,12000.0,0.8327586206896552,0.833,0.0002897710808460463
Samsung HI,010140,2017-11-08,10577.0,12700.0,10704.0,12850.0,0.8328346456692913,0.8329961089494163,0.00019383437496323097
Samsung HI,010140,2017-11-13,10576.0,12700.0,10204.0,12250.0,0.832755905511811,0.8329795918367346,0.0002685375813714641
Samsung HI,010140,2017-11-16,10077.0,12100.0,10246.0,12300.0,0.8328099173553719,0.8330081300813008,0.00023794812892108386
Samsung HI,010140,2017-11-17,10243.0,12300.0,10246.0,12300.0,0.8327642276422764,0.8330081300813008,0.00029279718914698716
Samsung HI,010140,2017-11-20,10452.0,12550.0,10246.0,12300.0,0.8328286852589641,0.8330081300813008,0.00021541785230738686
Samsung HI,010140,2017-11-21,10243.0,12300.0,9996.0,12000.0,0.8327642276422764,0.833,0.0002830400452863424
Samsung HI,010140,2017-11-24,10493.0,12600.0,10246.0,12300.0,0.8327777777777777,0.8330081300813008,0.0002765306786388644
Samsung HI,010140,2017-11-28,9618.0,11550.0,9954.0,11950.0,0.8327272727272728,0.8329707112970711,0.0002922534568103874
Samsung HI,010140,2017-11-29,9951.0,11950.0,9954.0,11950.0,0.8327196652719665,0.8329707112970711,0.0003013863773357883
Samsung HI,010140,2017-12-01,10035.0,12050.0,10204.0,12250.0,0.8327800829875519,0.8329795918367346,0.0002395122895422208
Samsung HI,010140,2017-12-04,10243.0,12300.0,10246.0,12300.0,0.8327642276422764,0.8330081300813008,0.00029279718914698716
Samsung HI,010140,2017-12-11,6362.0,7640.0,6281.0,7540.0,0.8327225130890052,0.8330238726790451,0.0003617658508040522
Samsung HI,010140,2017-12-12,6345.0,7620.0,6281.0,7540.0,0.8326771653543307,0.8330238726790451,0.00041620334792979996
Samsung HI,010140,2017-12-14,6344.0,7620.0,6014.0,7220.0,0.8325459317585302,0.8329639889196676,0.0005018910381463515
Samsung HI,010140,2017-12-15,6003.0,7210.0,6106.0,7330.0,0.8325936199722608,0.8330150068212824,0.0005058574522319725
Samsung HI,010140,2017-12-18,6136.0,7370.0,5964.0,7160.0,0.8325644504748982,0.8329608938547486,0.0004759447685661611
Samsung HI,010140,2017-12-19,5954.0,7150.0,5898.0,7080.0,0.8327272727272728,0.8330508474576271,0.00038842134467764744
Samsung HI,010140,2017-12-21,6044.0,7260.0,5998.0,7200.0,0.8325068870523415,0.8330555555555555,0.0006586217444383147
Samsung HI,010140,2017-12-22,6037.0,7250.0,5998.0,7200.0,0.8326896551724138,0.8330555555555555,0.0004392268687263279
Samsung HI,010140,2017-12-28,5853.0,7030.0,6106.0,7330.0,0.832574679943101,0.8330150068212824,0.000528594172464758
Samsung HI,010140,2018-01-03,6378.0,7660.0,6472.0,7770.0,0.8326370757180157,0.8329472329472329,0.00037236119762329434
Samsung HI,010140,2018-01-05,6812.0,8180.0,6989.0,8390.0,0.832762836185819,0.833015494636472,0.0003033058235767383
Samsung HI,010140,2018-01-08,7061.0,8480.0,6955.0,8350.0,0.8326650943396227,0.832934131736527,0.0003229996066356211
Samsung HI,010140,2018-01-10,6928.0,8320.0,7439.0,8930.0,0.8326923076923077,0.8330347144456887,0.000411035395576298
Samsung HI,010140,2018-01-12,7561.0,9080.0,7539.0,9050.0,0.8327092511013215,0.8330386740331491,0.0003954473448786189
Samsung HI,010140,2018-01-16,7678.0,9220.0,7522.0,9030.0,0.8327548806941432,0.8330011074197121,0.0002955899138377127
Samsung HI,010140,2018-01-22,7328.0,8800.0,7247.0,8700.0,0.8327272727272728,0.8329885057471265,0.0003136093932285533
Samsung HI,010140,2018-01-25,7578.0,9100.0,8055.0,9670.0,0.8327472527472527,0.8329886246122027,0.0002897660998220086
Samsung HI,010140,2018-01-26,8011.0,9620.0,7897.0,9480.0,0.8327442827442827,0.8330168776371308,0.00032723813906554433
Samsung HI,010140,2018-01-29,7503.0,9010.0,8005.0,9610.0,0.8327413984461709,0.8329864724245577,0.0002942112345155623
Samsung HI,010140,2018-02-01,7711.0,9260.0,7805.0,9370.0,0.8327213822894168,0.8329775880469584,0.0003075782124490889
Samsung HI,010140,2018-02-02,7869.0,9450.0,7914.0,9500.0,0.8326984126984127,0.8330526315789474,0.00042520588388672564
Samsung HI,010140,2018-02-05,7745.0,9300.0,7664.0,9200.0,0.8327956989247312,0.8330434782608696,0.00029743866029141586
Samsung HI,010140,2018-02-06,7419.0,8910.0,7347.0,8820.0,0.8326599326599327,0.8329931972789115,0.0004000808410771217
Samsung HI,010140,2018-02-07,7478.0,8980.0,7081.0,8500.0,0.832739420935412,0.8330588235294117,0.0003834094123708054
Samsung HI,010140,2018-02-08,6994.0,8400.0,7238.0,8690.0,0.8326190476190476,0.8329113924050633,0.0003509914604139519
Samsung HI,010140,2018-02-09,7044.0,8460.0,7347.0,8820.0,0.8326241134751773,0.8329931972789115,0.00044308141403781587
Samsung HI,010140,2018-02-14,7019.0,8430.0,7389.0,8870.0,0.8326215895610913,0.833032694475761,0.0004935039373554773
Samsung HI,010140,2018-02-21,7486.0,8990.0,7480.0,8980.0,0.8327030033370412,0.8329621380846325,0.00031110027184089173
Samsung HI,010140,2018-02-22,7428.0,8920.0,7381.0,8860.0,0.8327354260089687,0.8330699774266366,0.0004015886140817937
Samsung HI,010140,2018-02-23,7403.0,8890.0,7397.0,8880.0,0.8327334083239595,0.8329954954954955,0.00031463215942129086
Samsung HI,010140,2018-02-26,7494.0,9000.0,7297.0,8760.0,0.8326666666666667,0.8329908675799087,0.0003892010415239566
Samsung HI,010140,2018-03-02,7052.0,8470.0,6872.0,8250.0,0.8325855962219598,0.8329696969696969,0.00046112211420712423
Samsung HI,010140,2018-03-05,6902.0,8290.0,6864.0,8240.0,0.8325693606755127,0.8330097087378641,0.0005286229652936569
Samsung HI,010140,2018-03-19,8022.0,8500.0,7722.0,8180.0,0.943764705882353,0.9440097799511002,0.0002596096713743945
Samsung HI,010140,2018-06-14,7144.0,7570.0,6995.0,7410.0,0.9437252311756935,0.9439946018893387,0.0002853519639901547
Samsung HI,010140,2018-07-02,6757.0,7160.0,6627.0,7020.0,0.9437150837988827,0.944017094017094,0.0003199202854751171
Samsung HI,010140,2018-10-23,6785.0,7190.0,6636.0,7030.0,0.9436717663421419,0.9439544807965861,0.00029950009263746136
Samsung HI,010140,2019-04-24,7879.0,8350.0,7693.0,8150.0,0.9435928143712575,0.9439263803680982,0.00035338136932938635
Samsung HI,010140,2019-06-10,7389.0,7830.0,7363.0,7800.0,0.9436781609195403,0.943974358974359,0.00031377764872819736
Samsung HI,010140,2019-06-12,7389.0,7830.0,7495.0,7940.0,0.9436781609195403,0.9439546599496221,0.00029291558356903113
Samsung HI,010140,2019-06-21,7644.0,8100.0,7722.0,8180.0,0.9437037037037037,0.9440097799511002,0.0003242299538596116
Samsung HI,010140,2019-07-25,7153.0,7580.0,6787.0,7190.0,0.9436675461741425,0.9439499304589708,0.0002991517618853301
Samsung HI,010140,2019-09-09,7597.0,8050.0,7618.0,8070.0,0.9437267080745342,0.9439900867410161,0.00027900575459560706
Samsung HI,010140,2019-11-04,6785.0,7190.0,6872.0,7280.0,0.9436717663421419,0.9439560439560439,0.0003011555630394458
Samsung HI,010140,2019-12-16,6785.0,7190.0,6740.0,7140.0,0.9436717663421419,0.9439775910364145,0.00032397452776067315
Samsung HI,010140,2019-12-17,6738.0,7140.0,6731.0,7130.0,0.9436974789915966,0.944039270687237,0.00036205241270481636
Samsung HI,010140,2019-12-18,6738.0,7140.0,6759.0,7160.0,0.9436974789915966,0.9439944134078212,0.0003145510312424493
Samsung HI,010140,2019-12-20,6757.0,7160.0,6731.0,7130.0,0.9437150837988827,0.944039270687237,0.00034340402822263805
Samsung HI,010140,2020-01-17,7021.0,7440.0,6995.0,7410.0,0.9436827956989248,0.9439946018893387,0.0003303050566071386
Samsung HI,010140,2020-04-14,4067.0,4310.0,4154.0,4400.0,0.9436194895591647,0.9440909090909091,0.0004993370100325745
Samsung HI,010140,2020-09-11,5124.0,5430.0,5249.0,5560.0,0.943646408839779,0.9440647482014388,0.0004431257098168606
Samsung HI,010140,2020-10-20,4888.0,5180.0,4909.0,5200.0,0.9436293436293436,0.9440384615384615,0.00043336995873155537
Samsung HI,010140,2020-12-11,6653.0,7050.0,6759.0,7160.0,0.9436879432624113,0.9439944134078212,0.00032465249905822
Samsung HI,010140,2021-04-21,6842.0,7250.0,6731.0,7130.0,0.9437241379310345,0.944039270687237,0.00033381318551839456
Samsung HI,010140,2021-04-27,7021.0,7440.0,6891.0,7300.0,0.9436827956989248,0.943972602739726,0.00030700789404281004
Samsung HI,010140,2021-06-08,6710.0,7110.0,6731.0,7130.0,0.9437412095639943,0.944039270687237,0.0003157295808527971
Samsung HI,010140,2021-06-25,6294.0,6670.0,6315.0,6690.0,0.9436281859070464,0.9439461883408071,0.00033688618873461973
