종목,date,사유,갭 수익률(%),장중 수익률(%),원 Part F에서 이미 NaN,직전 45일 DART 자본변동 공시
Samsung HI,2016-09-29,수정 이벤트 전날,0.4475183075671296,3.46969083299582,False,주요사항보고서(유상증자결정); 유상증자신주발행가액(안내공시)
Samsung HI,2016-09-30,수정 이벤트일(수정 비율 변경),3.2228601252609623,-1.3399064593603849,False,주요사항보고서(유상증자결정); 유상증자신주발행가액(안내공시)
Samsung HI,2016-10-04,수정 이벤트 다음날,1.3452914798206317,0.568900126422256,False,유상증자신주발행가액(안내공시)
Samsung HI,2018-03-06,수정 이벤트 전날,0.45163170163169397,2.7991298042059354,False,주요사항보고서(유상증자결정); 유상증자신주발행가액(안내공시)
Samsung HI,2018-03-07,수정 이벤트일(수정 비율 변경),3.202595936794572,-1.6814764183185282,False,주요사항보고서(유상증자결정); 유상증자신주발행가액(안내공시)
Samsung HI,2018-03-08,수정 이벤트 다음날,0.7786429365962189,7.960816777041946,False,주요사항보고서(유상증자결정); 유상증자신주발행가액(안내공시)
Samsung HI,2021-08-09,수정 이벤트 전날,,,True,
Samsung HI,2021-08-10,거래정지 재개 첫날 / 수정 이벤트일(수정 비율 변경),0.0,1.9763486149360077,False,
Samsung HI,2021-08-11,수정 이벤트 다음날,-1.1914217633042123,-1.6559485530546647,False,
Samsung HI,2021-09-15,수정 이벤트 전날,-0.016100466913537836,0.16103059581320522,False,주요사항보고서(유상증자결정); 유상증자신주발행가액(안내공시)
Samsung HI,2021-09-16,수정 이벤트일(수정 비율 변경),2.0900321543408262,-1.7322834645669305,False,주요사항보고서(유상증자결정); 유상증자신주발행가액(안내공시)
Samsung HI,2021-09-17,수정 이벤트 다음날,-0.1602564102564097,-1.2841091492776902,False,주요사항보고서(유상증자결정); 유상증자신주발행가액(안내공시)
HD Mipo,2018-12-03,무상증자 권리락 전날(DART 추정),0.9168267911062289,2.273963660102285,False,매매거래정지및정지해제(중요내용공시); 주요사항보고서(무상증자결정)
HD Mipo,2018-12-04,무상증자 권리락일(DART 추정),1.2411347517730542,-0.3502626970227629,False,매매거래정지및정지해제(중요내용공시); 주요사항보고서(무상증자결정)
HD Mipo,2018-12-05,무상증자 권리락 다음날(DART 추정),-1.7574692442882234,1.610017889087656,False,매매거래정지및정지해제(중요내용공시); 주요사항보고서(무상증자결정)
Hanwha Ocean,2017-10-27,수정 이벤트 전날,,,True,
Hanwha Ocean,2017-10-30,거래정지 재개 첫날 / 수정 이벤트일(수정 비율 변경),0.0,-13.391959798994979,False,
Hanwha Ocean,2017-10-31,수정 이벤트 다음날,-3.0925442413693105,-2.39492276374087,False,
Hanwha Ocean,2023-09-21,수정 이벤트 전날,-0.7161437425736161,1.7272609651960202,False,주요사항보고서(유상증자결정); 유상증자신주발행가액(안내공시)
Hanwha Ocean,2023-09-22,수정 이벤트일(수정 비율 변경),-3.338632750397452,-0.8223684210526327,False,주요사항보고서(유상증자결정); 유상증자신주발행가액(안내공시); 특수관계인의유상증자참여
Hanwha Ocean,2023-09-25,수정 이벤트 다음날,0.4975124378109541,2.4752475247524774,False,주요사항보고서(유상증자결정); 유상증자신주발행가액(안내공시); 특수관계인의유상증자참여
