date,종목,갭(%),장중(%),KOSPI 갭(%),미국 us_ship(%),S&P500(%),수정 전 기준 갭(%),Yahoo 갭(%),1-2·1-3 표시,원 Part F에서 NaN,직전 3일 DART 공시(일상 공시 제외)
2020-06-02,Hanwha Ocean,21.50209146026225,-5.840940739594613,-0.17578011505607893,-0.6872479912356733,0.3744216478363427,21.503131524008356,21.50313516759599,,False,기업지배구조보고서공시
2021-05-06,Samsung HI,-20.96463973960645,6.027704979408455,0.011120395758990043,3.461067005529106,-0.5997521042733212,-20.94972067039106,-20.949721175167856,,False,주요사항보고서(감자결정); 매매거래정지및정지해제(중요내용공시); 수시공시의무관련사항(공정공시)
2026-07-07,Hanwha Ocean,-20.06890611541774,-3.2327586206896575,-1.6410953221393298,-2.2051793938835385,0.7215413830444106,-20.06890611541774,-20.06890611541774,,False,
2015-11-16,Hanwha Ocean,-19.713672154617036,16.632489300998564,-1.3991861307765197,1.1670117624235976,-1.1270640432154977,-19.713831478537358,-19.71383150125776,,False,분기보고서 (2015.09)
2020-06-02,Samsung HI,19.655392469687307,-1.1555555555555541,-0.17578011505607893,-0.6872479912356733,0.3744216478363427,19.67871485943775,19.678711395222926,,False,최대주주등소유주식변동신고서; 기업지배구조보고서공시; 대규모기업집단현황공시[연1회공시및1/4분기용(개별회사)]
2017-12-06,Samsung HI,-19.05669366364936,-12.136550912301358,0.0027887112966862304,-1.201904341138449,-0.37463905259551566,-19.047619047619047,-19.047618171381476,,False,수시공시의무관련사항(공정공시); 연결재무제표기준영업실적등에대한전망(공정공시); 최대주주등소유주식변동신고서
2019-01-31,Hanwha Ocean,16.344984565495313,-11.9046980944979,0.7560511286374805,1.1336626392377092,1.5429609891559615,16.343490304709142,16.34349402945494,,False,조회공시요구(풍문또는보도)
2026-03-05,Samsung HI,14.893617021276606,0.7407407407407307,3.0897960946610903,1.2452948610236123,0.7726125740148859,14.893617021276606,14.893617021276606,,False,대규모기업집단현황공시[분기별공시(개별회사용)]; 최대주주등소유주식변동신고서
2023-11-24,Hanwha Ocean,-14.338235294117652,-2.7896995708154515,0.1161052263256801,,,-14.338235294117652,-14.338235294117652,,False,
2017-12-27,HD Mipo,-13.594698110771619,-2.9933260284888963,-0.26695889327411626,0.9198866349882318,-0.10589757000589728,,,,False,영업실적등에대한전망(공정공시)
2025-10-30,Hanwha Ocean,13.419257012888552,-5.748663101604279,0.6076718571971007,-0.19492956639273196,-0.004357920473374577,13.419257012888552,13.419257012888552,,False,연결재무제표기준영업(잠정)실적(공정공시)
2020-03-13,Hanwha Ocean,-13.042946286553281,5.9378077951315555,-6.086691053409144,-11.014805162633268,-9.994485240247286,-13.043478260869568,-19.799499763218854,,False,의결권대리행사권유참고서류; 단기차입금증가결정; 매출액또는손익구조30%(대규모법인은15%)이상변경
2020-06-02,HD Mipo,12.71676300578035,-8.333333333333337,-0.17578011505607893,-0.6872479912356733,0.3744216478363427,,,,False,기업지배구조보고서공시
2026-06-12,Hanwha Ocean,12.344497607655502,-4.003407155025551,6.438732861494478,1.8592352689201934,1.736719891346361,12.344497607655502,12.344497607655502,,False,단일판매ㆍ공급계약체결
2015-07-15,Hanwha Ocean,-12.001584843136548,-20.453522164463177,0.4443408458501441,1.2544370784482783,0.4443273236500289,-12.0,-12.000003451822906,,False,조회공시요구(풍문또는보도)에대한답변(미확정); 조회공시요구(풍문또는보도); 조회공시요구(풍문또는보도)에대한답변(미확정)
2020-03-13,Samsung HI,-11.869814932992984,-0.7965242577842147,-6.086691053409144,-11.014805162633268,-9.994485240247286,-11.847389558232935,-19.00369382477255,,False,
2026-03-05,Hanwha Ocean,11.705069124423972,0.7425742574257432,3.0897960946610903,1.2452948610236123,0.7726125740148859,11.705069124423972,11.705069124423972,,False,
2026-07-02,Hanwha Ocean,11.423039690222648,-9.209383145091222,-4.45973401289349,-0.43401255171904296,-0.21531509855510222,11.423039690222648,11.423039690222648,,False,투자판단관련주요경영사항; 지속가능경영보고서등관련사항(자율공시)
2020-03-13,HD Mipo,-11.037891268533773,3.1481481481481444,-6.086691053409144,-11.014805162633268,-9.994485240247286,,,,False,
2020-03-23,Samsung HI,-10.258751902587516,-0.27137042062415073,-5.855122433994198,1.7631316015819465,-4.432762405336721,-10.201149425287358,-10.201154382698242,,False,독립이사의선임ㆍ해임또는중도퇴임에관한신고
