target,var,coef,HAC t,N,coef (제외 후),HAC t (제외 후),N (제외 후)
ship_gap_ex,us_ship,0.022420907160807167,1.538357391542917,2780,0.024201648750755415,1.6511369289717566,2780
ship_gap_ex,spx,0.09149278259489455,4.306510729247454,2780,0.09200408933637887,4.2770651398492125,2780
ship_gap_ex,brent,0.04569908666204403,3.9586312705518374,2780,0.044040500362252155,3.81734829590981,2780
ship_intra_ex,us_ship,0.10287211436534618,3.6767522940896353,2780,0.0978249191392352,3.394590263209827,2780
ship_intra_ex,spx,-0.20310847578996266,-4.638829117616868,2780,-0.19665637363651178,-4.388277401171543,2780
ship_intra_ex,brent,0.05598393021215326,3.3638442113953286,2780,0.05706872209624806,3.3938062455797335,2780
ship_cc_ex,us_ship,0.1252469191750949,4.251820289293418,2780,0.12211468307426765,4.0159129343453,2780
ship_cc_ex,spx,-0.10798339339159696,-2.28279820175103,2780,-0.10097317970203706,-2.093310301392001,2780
ship_cc_ex,brent,0.10146633619722374,5.484893945122539,2780,0.10081359571972415,5.427644108187607,2780
