제외 연도,coef,HAC t,p,N
2015,0.10376607682474225,3.6228004960816422,0.00029143059620573286,2540
2016,0.10565635722331934,3.6189129802471895,0.0002958430905648399,2544
2017,0.10348691470573992,3.6256337826179874,0.0002882536182811409,2545
2018,0.1060027628517445,3.721603205825301,0.00019796192519494144,2544
2019,0.0978999336320797,3.410716953446334,0.0006479231430545176,2541
2020,0.09709725370182407,3.198807727731128,0.001379971697625265,2539
2021,0.09924948720109517,3.2451566006419172,0.0011738604970224702,2540
2022,0.10005935780619996,3.3433902383827636,0.0008276142681792932,2543
2023,0.10632621782272998,3.5897238306055823,0.0003310284836617504,2543
2024,0.10485213535984718,3.466268727961089,0.0005277355311776057,2544
2025,0.11044503652981048,3.7485854382479302,0.00017783475725446877,2547
2026,0.098650020642947,3.627074635862091,0.0002866504561342121,2610
2020 + 2021 (t를 가장 많이 낮추는 두 해),0.09116558183680781,2.709919232793399,0.006729959408247833,2299
