연도,coef,HAC t,p,N
2015,0.08669262102003879,0.6440389603781947,0.5195501701744916,240
2016,0.07259774557669522,0.8133057290114521,0.4160427931895009,236
2017,0.07402204802934573,0.5304672436350988,0.5957880143378119,235
2018,0.053878266241601275,0.4267231477782312,0.6695809885004091,236
2019,0.24416956191661496,2.3438761193359055,0.019084509025680818,239
2020,0.11878326636855319,1.626348029881982,0.10387563974917663,241
2021,0.13111238969253414,1.8977067149863056,0.05773472750929396,240
2022,0.10229539873260503,1.5281950597723142,0.12646411501732244,237
2023,0.06668985943482306,0.8439069953900885,0.3987213788433668,237
2024,0.08790235245289801,1.2354062424144412,0.2166793507211987,236
2025,0.04461730152471836,0.5109627464172608,0.6093771429560537,233
2026,0.1605466089952345,0.9450585862050418,0.34462896677790156,170
