strategy,기간,거래 일수,신호일 평균 장중(%),왕복 비용(%),신호일 비용 후 평균(%),CAGR(%),Sharpe,MDD(%),t (비용 후 = 0),p,사전 지정 검정
"주식 바스켓 (거래세 0.20%, 2026)",2015-01-02 ~ 2026-09-17,598,0.23642120993923604,0.22999999999999998,0.006421209939236134,-1.3785460344689526,-0.07433299611004379,-39.27379384090427,0.06907290588730039,0.944931587475187,True
"(참고) 주식 바스켓, 원 노트북 비용 0.18%",2015-01-02 ~ 2026-09-17,598,0.23642120993923604,0.18,0.05642120993923607,1.2412086018545931,0.06691489086827494,-30.795433988831313,0.6069225209982961,0.5439023314932425,False
"(A) ETF 시뮬레이션, 스프레드 0.05%",2015-01-02 ~ 2026-09-17,598,0.23642120993923604,0.07999999999999999,0.15642120993923608,6.687141544175401,0.3600488182076538,-25.22887223563949,1.6826217512202883,0.0924483382237554,True
"(A) ETF 시뮬레이션, 스프레드 0.10%",2015-01-02 ~ 2026-09-17,598,0.23642120993923604,0.13,0.10642120993923608,3.9291906565461554,0.21172288729889988,-28.06527892995849,1.144772136109292,0.2523035605854783,True
"(A) ETF 시뮬레이션, 스프레드 0.20%",2015-01-02 ~ 2026-09-17,598,0.23642120993923604,0.22999999999999998,0.006421209939236134,-1.3785460344689526,-0.07433299611004379,-39.27379384090427,0.06907290588730039,0.944931587475187,True
"(B) 실제 ETF 441540, 스프레드 0.05%",2022-09-15 ~ 2026-09-17,215,0.08851609167110573,0.07999999999999999,0.008516091671105728,-0.7132896174330661,-0.04626034798442125,-23.25145725568919,0.06904182618785432,0.9449563264281028,True
"(B) 실제 ETF 441540, 스프레드 0.10%",2022-09-15 ~ 2026-09-17,215,0.08851609167110573,0.13,-0.04148390832889421,-3.4218584555440468,-0.22189116067826184,-26.050414773040988,-0.3363191589581046,0.7366302037909958,True
"(B) 실제 ETF 441540, 스프레드 0.20%",2022-09-15 ~ 2026-09-17,215,0.08851609167110573,0.22999999999999998,-0.14148390832889415,-8.623138632191862,-0.5582423659072325,-35.029347757951044,-1.1470411292500236,0.2513646228469628,True
(참고) 같은 기간 주식 바스켓 (거래세 0.20%),2022-09-15 ~ 2026-09-17,215,0.14765844824009203,0.22999999999999998,-0.0823415517599078,-6.209944645493238,-0.3219438695789607,-33.42326711954308,-0.5355714288137616,0.5922547793080014,False
"(참고) 같은 기간 (A) 시뮬레이션, 스프레드 0.10%",2022-09-15 ~ 2026-09-17,215,0.14765844824009203,0.13,0.017658448240092106,-0.8732287486155399,-0.045288048306809,-28.06527892995844,0.11485526022336584,0.9085598475024024,False
(참고) 비용 0 — 주식 바스켓 전체,2015-01-02 ~ 2026-09-17,598,0.23642120993923604,0.0,0.23642120993923604,11.24987006049305,0.6045724607144013,-22.18623746198872,2.5431811353978806,0.010984826714715314,False
(참고) 비용 0 — 실제 ETF 441540,2022-09-15 ~ 2026-09-17,215,0.08851609167110573,0.0,0.08851609167110573,3.7763207074760885,0.24474046744981087,-18.554268797500118,0.7176194024213896,0.47299199098206646,False
"(참고·사후) SOL 조선TOP3플러스 466920, 비용 0",2023-10-05 ~ 2026-09-17,176,0.18518034369080233,0.0,0.18518034369080233,9.875061195438505,0.49337750489846677,-18.87358443031415,1.1864282086610316,0.23545323722121347,False
"(참고·사후) SOL 조선TOP3플러스 466920, 스프레드 0.10%",2023-10-05 ~ 2026-09-17,176,0.18518034369080233,0.13,0.0551803436908024,1.4238836573037927,0.07126969187392758,-21.491158024635237,0.353533830932351,0.7236882706928838,False
(참고) 같은 기간 주식 바스켓 — 466920 상장 이후 (거래세 0.20%),2023-10-05 ~ 2026-09-17,176,0.19340942555482085,0.22999999999999998,-0.036590574445179,-4.416537939048737,-0.2073429349128775,-33.42326711954304,-0.211629066007143,0.8323964315035361,False
