Date,V0 original,V1 big3,V2 big3 beta-adj
2015,0.0,0.0,0.0
2016,-0.9645644141875076,26.451399232721396,0.0
2017,19.156754660322296,0.0,0.0
2018,0.0,9.446924033514502,0.0
2019,0.0,-9.140059043576898,-9.140059043576898
2020,-3.135402395636011,14.821129329755067,35.46868479318596
2021,-3.5460364950138157,14.542954090487525,-1.2854439747462143
2022,13.972195782088315,11.98564847866217,12.382556132213685
2023,-26.354451378254538,-25.35145018030032,-17.107841167755122
2024,-39.41312530489276,2.508637765048616,0.25826936036850157
2025,-73.53288480241406,0.0,0.0
2026,30.723443407979378,37.765319352650785,21.37294341196415
