,,mean(%),NW t,N,mean(%),NW t,N,mean(%),NW t,N
version,,V0 original,V0 original,V0 original,V1 big3,V1 big3,V1 big3,V2 big3 beta-adj,V2 big3 beta-adj,V2 big3 beta-adj
horizon,regime,,,,,,,,,
5d,Low,-0.3136856104948728,-0.8218465290040823,351.0,0.17345324821772168,0.4560668727402548,397.0,0.12156404570747327,0.2512870861982554,263.0
5d,Mid,0.3396552715635335,1.4285593936230652,1572.0,0.5405728333632986,2.0151491505473684,1304.0,0.34999893548292765,1.172493478508365,1113.0
5d,High,-0.14415701956681917,-0.3771461292388137,639.0,-0.5076801575720611,-1.1934811283213471,511.0,-0.3649257363983116,-0.7790079160795187,447.0
5d,High − Low,0.1695285909280541,0.3126795091655903,,-0.6811334057897803,-1.191862840291946,,-0.48648978210578464,-0.7110496357668709,
20d,Low,0.9211671551872146,0.6344946724396854,351.0,0.42244684201767035,0.3048151940885596,397.0,0.9134893768712058,0.5469756795911322,263.0
20d,Mid,0.7770321228824716,0.960111171972561,1572.0,1.1071845405669543,1.1104213225431085,1304.0,0.5764620051582047,0.50975722675161,1113.0
20d,High,-0.5278423058817551,-0.3502919683995518,624.0,0.38781104215045714,0.27508666020604894,496.0,0.3333973432877089,0.22236020236235204,432.0
20d,High − Low,-1.4490094610689597,-0.6971936283555997,,-0.0346357998672109,-0.017372698861951915,,-0.5800920335834955,-0.250887801789859,
60d,Low,-1.7841509492863914,-0.5959421008431143,351.0,-2.4567216929104885,-0.5752204219139024,397.0,-2.615288267318058,-0.5311913545524201,263.0
60d,Mid,2.4695546375641744,1.040049691391154,1572.0,4.0106184211155,1.3159433654401278,1304.0,2.7482573047270473,0.7587363409030637,1113.0
60d,High,1.1981249879680496,0.2369119945831686,584.0,3.043555404641492,0.9540491874073389,456.0,1.7021733894685822,0.49750772087845524,392.0
60d,High − Low,2.9822759372544487,0.5183046919772231,,5.500277097551962,1.266327455581379,,4.317461656786641,0.9109107202865494,
