,,mean(%),N,mean(%),N,mean(%),N
version,,V0 original,V0 original,V1 big3,V1 big3,V2 big3 beta-adj,V2 big3 beta-adj
variable,regime,,,,,,
own_ann,Low,0.13463286855239748,89.0,0.7371169787273287,118.0,0.44758796724613376,83.0
own_ann,Mid,0.937546204992089,342.0,0.7651177082112993,351.0,0.5786204389756929,351.0
own_ann,High,0.4920722033061469,196.0,0.30144420006490813,143.0,0.6919568591607156,139.0
own_pre,Low,-2.3438977779859154,89.0,-2.7059322983688925,118.0,-3.8947131837962017,83.0
own_pre,Mid,0.16974787589137985,342.0,0.5797030358883013,351.0,0.5376978701821524,351.0
own_pre,High,-0.136575084899928,196.0,-0.3292810064873906,143.0,-0.2928273202587457,139.0
peer_ann,Low,0.22884931356779012,72.0,0.07809116825487444,100.0,-0.20815560341755965,72.0
peer_ann,Mid,0.2602023434040391,304.0,0.4039614126301645,298.0,0.26365781799441196,288.0
peer_ann,High,-0.011640412833638961,164.0,-0.3996435104373014,127.0,-0.1010430491399868,126.0
peer_pre,Low,-0.8026272399302323,72.0,-2.4965989492908003,100.0,-3.0362529537734058,72.0
peer_pre,Mid,-0.15149788319977703,304.0,-0.32669785893862474,298.0,-0.5926190721528485,288.0
peer_pre,High,-2.187893568087072,164.0,-0.7352233399577504,127.0,-0.31854641111856347,126.0
