period,version,S1 CAGR(%),S1 Sharpe,S1 MDD(%),B&H CAGR(%),B&H Sharpe,B&H MDD(%),S1 − B&H CAGR(%p),avg weight,turnover/yr
Full,V0 original,5.6480542779017595,0.16651787200193918,-78.06596636741648,8.334638456008548,0.21054482361209698,-81.53789444108622,-2.6865841781067887,0.776,8.064
Full,V1 big3,16.59488916074605,0.44818331609280365,-60.57961610253834,8.755322263056865,0.21080549169281715,-71.64047677939597,7.839566897689185,0.8201739130434783,5.960347826086957
Full,V2 big3 beta-adj,13.126451388261962,0.34733844180339407,-60.57961610253834,8.755322263056865,0.21080549169281715,-71.64047677939597,4.371129125205098,0.8424347826086956,6.310956521739131
In-sample ~2020,V0 original,-7.157085635916349,-0.19608595343406288,-78.06596636741648,-9.42921478561769,-0.2497452998219914,-81.53789444108622,2.2721291497013407,0.9132203389830509,4.100338983050848
In-sample ~2020,V1 big3,-1.5818977511724786,-0.04256216201142285,-60.57961610253834,-6.3837447993367995,-0.15710917916523004,-71.64047677939597,4.801847048164321,0.8630508474576272,5.979661016949153
In-sample ~2020,V2 big3 beta-adj,-2.906735444389863,-0.07538242760571133,-60.57961610253834,-6.3837447993367995,-0.15710917916523004,-71.64047677939597,3.4770093549469365,0.9105084745762712,4.100338983050848
Out-of-sample 2021~,V0 original,21.054316811100993,0.6800369488217225,-30.0355631239529,30.831791053235303,0.744637367065281,-44.7778292554031,-9.77747424213431,0.6314285714285715,12.24
Out-of-sample 2021~,V1 big3,39.38856305796614,1.0686216762502592,-43.52156740482197,27.361227078341766,0.6445343915490992,-45.60780521627139,12.027335979624372,0.775,5.94
Out-of-sample 2021~,V2 big3 beta-adj,32.89083539891422,0.8900859309044614,-43.52156740482196,27.361227078341766,0.6445343915490992,-45.60780521627139,5.5296083205724536,0.7707142857142857,8.64
