version,threshold,CAGR(%),Sharpe,S1 − B&H CAGR(%p)
V0 original,0.7,6.145150570267521,0.19463780752754453,-2.189487885741027
V0 original,0.75,4.209712900548523,0.12812237297120477,-4.124925555460025
V0 original,0.8,5.6480542779017595,0.16651787200193918,-2.6865841781067887
V0 original,0.85,6.851773234181091,0.19279979567835984,-1.4828652218274572
V0 original,0.9,11.087218212680504,0.302652358878012,2.752579756671956
V1 big3,0.7,11.679790242314425,0.3300158197623388,2.9244679792575603
V1 big3,0.75,11.95166076101144,0.33131182947326465,3.1963384979545744
V1 big3,0.8,16.59488916074605,0.44818331609280365,7.839566897689185
V1 big3,0.85,17.71871767653166,0.47204945485478367,8.963395413474796
V1 big3,0.9,13.263820257483982,0.3472349414307164,4.508497994427117
V2 big3 beta-adj,0.7,11.436974476284156,0.3129881085745171,2.6816522132272915
V2 big3 beta-adj,0.75,15.555484913072792,0.418557819487837,6.800162650015928
V2 big3 beta-adj,0.8,13.126451388261962,0.34733844180339407,4.371129125205098
V2 big3 beta-adj,0.85,9.28943853253401,0.24151181523857443,0.5341162694771455
V2 big3 beta-adj,0.9,12.835078839675674,0.32685201178137074,4.079756576618809
