표본,비교,분석일,종가로 미룬 날,평균 절감(bp),HAC t,p (양측),절감 발생일 평균(bp),플라시보 평균(bp),플라시보 95% 분위(bp),플라시보 백분위,플라시보 단측 p
전체,B2 vs B1 (항상 종가 vs 항상 시가),2533,2533,3.2651248104726798,0.7492351121703561,0.4537155095839862,3.265124810472682,,,,
전체,S vs B1 (항상 시가),2533,554,8.433903794617708,4.119048977577575,3.804392862098692e-05,38.56151319813476,0.7310253357624528,3.8175662445531136,100.0,0.0001999600079984003
전체,S vs B2 (항상 종가),2533,554,-0.587924685845142,-0.15492936779987615,0.8768770010215701,-0.7525079480776875,-8.282325129749145,-5.177637333572909,100.0,0.0001999600079984003
전반 (~2020-12-31),B2 vs B1 (항상 종가 vs 항상 시가),1180,1180,3.536342613791275,0.5975105707557838,0.5501665515916963,3.536342613791277,,,,
전반 (~2020-12-31),S vs B1 (항상 시가),1180,218,5.584573544715993,2.024353717594608,0.04293377020602533,30.22842560901319,0.6900428760587942,4.925761518460119,97.1,0.029194161167766446
전반 (~2020-12-31),S vs B2 (항상 종가),1180,218,-3.4055297749115763,-0.6630692593261965,0.5072861975888528,-4.177261054465347,-8.342618671797824,-4.183147848025332,97.44,0.02579484103179364
후반 (2020-12-31 이후),B2 vs B1 (항상 종가 vs 항상 시가),1353,1353,3.0285860019612705,0.47940021701020996,0.631653939130179,3.028586001961271,,,,
후반 (2020-12-31 이후),S vs B1 (항상 시가),1353,336,10.918907264598511,3.671608552157962,0.0002410286626303921,43.968099788695795,0.8251926186696592,5.489358931673241,99.98,0.0003999200159968006
후반 (2020-12-31 이후),S vs B2 (항상 종가),1353,336,1.8694101294530063,0.33920532994814917,0.7344550543304189,2.4870323551129987,-8.2180123537498,-3.5593415501500405,100.0,0.0001999600079984003
의심 439개 제외,B2 vs B1 (항상 종가 vs 항상 시가),2533,2533,3.1427955446860465,0.7125137442602533,0.47614670353218835,3.1427955446860483,,,,
의심 439개 제외,S vs B1 (항상 시가),2533,554,8.290335453715523,3.977463595465908,6.965428259716521e-05,37.90508971888344,0.7062395551739279,3.870178300425275,100.0,0.0001999600079984003
의심 439개 제외,S vs B2 (항상 종가),2533,554,-0.5738059224352269,-0.14942353502592182,0.8812194419329473,-0.7344367870280092,-8.17391099792425,-5.0422037745477875,99.98,0.0003999200159968006
(보조) KOSPI 대비 초과 기준,B2 vs B1 (항상 종가 vs 항상 시가),2533,2533,-0.482177962495517,-0.12224709398574957,0.9027033305089955,-0.48217796249551814,,,,
(보조) KOSPI 대비 초과 기준,S vs B1 (항상 시가),2533,554,6.6983712385448975,3.5061800961380327,0.00045458752122557616,30.626307485982373,-0.09282105418927761,2.7320701408318127,100.0,0.0001999600079984003
(보조) KOSPI 대비 초과 기준,S vs B2 (항상 종가),2533,554,2.3796986814758534,0.6948346245543784,0.4871589465938754,3.0458700152492866,-4.377546984330122,-1.5935639783769433,100.0,0.0001999600079984003
