표본,보유,수익률,비용,이벤트 N,이벤트 평균(%),중앙값(%),이벤트 t,이벤트 p,Wilcoxon p,양(+) 비율(%),날짜 N,날짜 평균(%),날짜 t,날짜 p
전체,1일,원 수익률,비용 전,627,-0.17613202509651052,-0.39215686274509665,-1.5809314059676667,0.11439882214516356,0.002757906098284512,41.14832535885167,475,-0.1764026857279236,-1.4171008486430645,0.1571103762460847
전체,1일,원 수익률,비용 0.18% (2025),627,-0.3561320250965105,-0.5721568627450966,-3.1965811035070697,0.0014606934269547683,2.735834404111601e-06,40.03189792663477,475,-0.35640268572792355,-2.8631001071190596,0.00438107124246594
전체,1일,원 수익률,비용 0.23% (2026),627,-0.4061320250965103,-0.6221568627450966,-3.6453726861569025,0.00028918444259700473,2.414719804418754e-07,39.55342902711323,475,-0.4064026857279234,-3.2647665678068347,0.0011748172885989285
전체,1일,KOSPI 초과,비용 전,627,-0.13763323236287198,-0.31142766666814037,-1.2901876593867325,0.19746188043083343,0.006227342619969233,41.46730462519936,475,-0.13148414140906678,-1.1254248824979864,0.2609785547575365
전체,1일,KOSPI 초과,비용 0.18% (2025),627,-0.3176332323628719,-0.4914276666681403,-2.977525627860248,0.0030181802123797593,6.474328153290846e-06,39.23444976076555,475,-0.3114841414090667,-2.6661162288360356,0.007935487805109012
전체,1일,KOSPI 초과,비용 0.23% (2026),627,-0.36763323236287176,-0.5414276666681404,-3.4462306191028906,0.0006065162526632911,6.552645940474674e-07,38.27751196172249,475,-0.3614841414090666,-3.0940860472632696,0.00209087403089749
전체,1일,시장모형 초과,비용 전,627,-0.19484534525251518,-0.35732745520282827,-1.8475145468970657,0.06514421055798841,0.001211047709265618,41.14832535885167,475,-0.18584088106227847,-1.6025757179598799,0.10969450032252684
전체,1일,시장모형 초과,비용 0.18% (2025),627,-0.3748453452525152,-0.5373274552028282,-3.554266217102434,0.0004075924364017073,5.968148180605572e-07,38.59649122807017,475,-0.36584088106227847,-3.154783324724881,0.0017082782123410117
전체,1일,시장모형 초과,비용 0.23% (2026),627,-0.4248453452525152,-0.5873274552028283,-4.028363903270591,6.306929031511819e-05,4.676407385634821e-08,37.9585326953748,475,-0.41584088106227846,-3.585952104381825,0.00037070166206600545
전체,5일,원 수익률,비용 전,627,0.1396072717010459,-0.5300458579000633,0.538189564798527,0.5906374789635613,0.6563137186627146,45.45454545454545,475,0.10146518619409368,0.3568337796992596,0.7213750432829336
전체,5일,원 수익률,비용 0.18% (2025),627,-0.040392728298954066,-0.7100458579000632,-0.15571498962311126,0.8763078793970637,0.2243852485728216,44.81658692185008,475,-0.07853481380590631,-0.27619201717850317,0.7825209678298133
전체,5일,원 수익률,비용 0.23% (2026),627,-0.09039272829895373,-0.7600458579000633,-0.34846625474023174,0.7276072111104802,0.1582839050075987,44.65709728867623,475,-0.1285348138059061,-0.4520325163112143,0.6514523391455904
전체,5일,KOSPI 초과,비용 전,627,-0.08738305137226152,-0.6468840740314508,-0.3688676805317414,0.7123510744352409,0.12675953384075506,45.614035087719294,475,-0.07252791815339703,-0.28530013201906707,0.7755388327734717
전체,5일,KOSPI 초과,비용 0.18% (2025),627,-0.2673830513722615,-0.8268840740314507,-1.1286967486751542,0.25945814011196955,0.020024967198934766,44.33811802232855,475,-0.25252791815339704,-0.9933588364591693,0.321041933249204
전체,5일,KOSPI 초과,비용 0.23% (2026),627,-0.3173830513722612,-0.8768840740314507,-1.3397603787149899,0.1808093994608306,0.01085412050896388,43.859649122807014,475,-0.3025279181533968,-1.1900418099147525,0.23462565770619084
전체,5일,시장모형 초과,비용 전,627,-0.39069973794289403,-0.831220110173662,-1.6587089840076275,0.09767536139017186,0.006773153765794418,44.01913875598086,475,-0.3501503881191336,-1.386152157265499,0.16635215197625663
전체,5일,시장모형 초과,비용 0.18% (2025),627,-0.570699737942894,-1.011220110173662,-2.4228958726228753,0.015680004766534517,0.0004655400141621797,43.0622009569378,475,-0.5301503881191336,-2.0987242313621253,0.036369708634591554
전체,5일,시장모형 초과,비용 0.23% (2026),627,-0.6206997379428938,-1.061220110173662,-2.6351700083493323,0.008617743945267311,0.00020557638183485438,42.74322169059011,475,-0.5801503881191336,-2.2966609186111877,0.02207334975544445
전체,10일,원 수익률,비용 전,627,0.860792657236641,0.2767527675276771,2.4153416786789283,0.01600589185747653,0.15905076487832326,50.398724082934606,475,0.8482830338913977,2.0810903732201336,0.03796188683389392
전체,10일,원 수익률,비용 0.18% (2025),627,0.6807926572366407,0.09675276752767709,1.910270569501603,0.05655501735209184,0.39385546490746914,50.398724082934606,475,0.6682830338913976,1.639496881173961,0.10177329538991282
전체,10일,원 수익률,비용 0.23% (2026),627,0.6307926572366412,0.04675276752767708,1.7699730391745696,0.0772183425894874,0.485076731864572,50.23923444976076,475,0.6182830338913979,1.5168320222722471,0.12997571275069206
전체,10일,KOSPI 초과,비용 전,627,0.04475406213631673,-0.6717748857003158,0.13031549591171346,0.8963586845371887,0.28623659141478297,47.04944178628389,475,0.2205142713209521,0.5719678829348299,0.5676148781135332
전체,10일,KOSPI 초과,비용 0.18% (2025),627,-0.13524593786368333,-0.8517748857003158,-0.3938109888006959,0.6938546920949411,0.10575277507513513,46.730462519936204,475,0.040514271320951985,0.10508554324978257,0.9163523835573433
전체,10일,KOSPI 초과,비용 0.23% (2026),627,-0.18524593786368296,-0.9017748857003158,-0.5394016789985864,0.5898015178489573,0.07649317350114995,46.411483253588514,475,-0.009485728679047652,-0.02460399555161843,0.9803811866503163
전체,10일,시장모형 초과,비용 전,627,-0.5636939426452431,-1.174663610143445,-1.627196026862721,0.10419867140763951,0.004357609737028397,42.58373205741627,475,-0.35461129178903134,-0.9173023319979825,0.35945072343857554
전체,10일,시장모형 초과,비용 0.18% (2025),627,-0.743693942645243,-1.3546636101434448,-2.1467958711697603,0.032193064460466964,0.0008362630864487224,41.94577352472089,475,-0.5346112917890313,-1.3829232064112773,0.16733951400640795
전체,10일,시장모형 초과,비용 0.23% (2026),627,-0.793693942645243,-1.4046636101434449,-2.291129161255049,0.02228730003546485,0.0005038858130830424,41.46730462519936,475,-0.5846112917890312,-1.5122623381927476,0.13113354819964196
Clean,1일,원 수익률,비용 전,160,0.07017221930589929,-0.3248945028594685,0.3135096366053772,0.7543044003948176,0.366618033642228,43.125,144,0.05786988413338087,0.24639194906628445,0.8057321703639425
Clean,1일,원 수익률,비용 0.18% (2025),160,-0.10982778069410065,-0.5048945028594685,-0.49067947337512663,0.6243296666152892,0.08136083257152436,41.25,144,-0.12213011586661904,-0.5199920086017527,0.6038731931669854
Clean,1일,원 수익률,비용 0.23% (2026),160,-0.15982778069410053,-0.5548945028594685,-0.7140653372585993,0.4762337083047682,0.05150076696099151,41.25,144,-0.172130115866619,-0.7328764412873184,0.46483342842908837
Clean,1일,KOSPI 초과,비용 전,160,0.08185901412802316,-0.338686291768342,0.3966205133989198,0.6921791341354555,0.3990571283092974,42.5,144,0.08770262756006036,0.40680845695293494,0.6847569070178275
Clean,1일,KOSPI 초과,비용 0.18% (2025),160,-0.09814098587197677,-0.5186862917683419,-0.47550936957466106,0.6350765704999616,0.09773254657811935,40.625,144,-0.09229737243993959,-0.42812117159647306,0.6692070069059892
Clean,1일,KOSPI 초과,비용 0.23% (2026),160,-0.14814098587197663,-0.568686291768342,-0.7177676704006553,0.47395380271810683,0.06211192900269659,39.375,144,-0.14229737243993948,-0.6600460684157528,0.5102859946082287
Clean,1일,시장모형 초과,비용 전,160,-0.016314882037689046,-0.41671180096644245,-0.07934502800167641,0.9368579655703227,0.24597344814777833,41.25,144,-0.006687263619701543,-0.031171775888097393,0.9751760128833363
Clean,1일,시장모형 초과,비용 0.18% (2025),160,-0.19631488203768907,-0.5967118009664424,-0.9547485404088537,0.34115416420395944,0.04024809257415187,39.375,144,-0.18668726361970164,-0.8702174571929348,0.38564000753862887
Clean,1일,시장모형 초과,비용 0.23% (2026),160,-0.24631488203768906,-0.6467118009664424,-1.1979161827441807,0.23273229833603992,0.023669852572836318,39.375,144,-0.2366872636197016,-1.1032857019998337,0.2717563099102276
Clean,5일,원 수익률,비용 전,160,0.07978768701621293,-0.6309490757047731,0.1545220624721689,0.8773940853848625,0.9684494832024242,46.875,144,-0.015617187121554,-0.029576852612097655,0.976445764636771
Clean,5일,원 수익률,비용 0.18% (2025),160,-0.10021231298378695,-0.810949075704773,-0.1940777313699381,0.8463627508023465,0.6479743446380898,45.625,144,-0.19561718712155407,-0.370472650859268,0.7115785335766522
Clean,5일,원 수익률,비용 0.23% (2026),160,-0.15021231298378682,-0.8609490757047731,-0.29091100743718984,0.7714985058229906,0.5647277032980577,45.0,144,-0.2456171871215538,-0.4651659281501481,0.6425202173288254
Clean,5일,KOSPI 초과,비용 전,160,-0.010934418929801626,-0.7952062193681997,-0.02350782539898958,0.981274672609483,0.5509900449935894,45.0,144,-0.06979932992843185,-0.14704393523097495,0.8833044501542943
Clean,5일,KOSPI 초과,비용 0.18% (2025),160,-0.19093441892980145,-0.9752062193681996,-0.41048847786745024,0.6820002766928743,0.30669120810963846,45.0,144,-0.2497993299284318,-0.5262439700839474,0.5995339362959896
Clean,5일,KOSPI 초과,비용 0.23% (2026),160,-0.2409344189298013,-1.0252062193681997,-0.5179831035531336,0.6051900520464368,0.24252316950811792,44.375,144,-0.2997993299284316,-0.6315773130986616,0.5286714347479747
Clean,5일,시장모형 초과,비용 전,160,-0.38927313430108634,-1.2344359383355747,-0.8377602743301718,0.4034228908395335,0.11782931769198424,43.125,144,-0.43048896266119596,-0.9085981853024634,0.3650910066573142
Clean,5일,시장모형 초과,비용 0.18% (2025),160,-0.5692731343010862,-1.4144359383355747,-1.2251408462008107,0.22233395986735063,0.05048998115860544,41.875,144,-0.6104889626611959,-1.288509605895978,0.1996494309779751
Clean,5일,시장모형 초과,비용 0.23% (2026),160,-0.6192731343010861,-1.4644359383355747,-1.3327465606093212,0.18452167231662037,0.03782478852638595,41.25,144,-0.6604889626611958,-1.394040556060843,0.16546772390080686
Clean,10일,원 수익률,비용 전,160,0.3863053334036816,-0.16065455918996552,0.5109008826150456,0.610129114495273,0.9881145699843322,47.5,144,0.32411096833978376,0.3968973381690746,0.6920348813383033
Clean,10일,원 수익률,비용 0.18% (2025),160,0.20630533340368157,-0.3406545591899655,0.27284525428487816,0.7853262123762923,0.7812464821128245,47.5,144,0.1441109683397835,0.17647431072145867,0.8601710128022455
Clean,10일,원 수익률,비용 0.23% (2026),160,0.15630533340368186,-0.3906545591899655,0.20671869085983208,0.8364940447721042,0.7141525368280497,47.5,144,0.09411096833978408,0.11524569198601059,0.9084120525184054
Clean,10일,KOSPI 초과,비용 전,160,-0.2381003003346117,-1.9668674752975401,-0.34334510690974546,0.7317924110198508,0.07614608658996042,39.375,144,-0.26080506368943696,-0.34890686285397243,0.7276724345695623
Clean,10일,KOSPI 초과,비용 0.18% (2025),160,-0.4181003003346116,-2.1468674752975403,-0.6029084890512262,0.5474285558537918,0.04176433490254829,39.375,144,-0.44080506368943717,-0.5897121387381107,0.5563142625839669
Clean,10일,KOSPI 초과,비용 0.23% (2026),160,-0.4681003003346115,-2.19686747529754,-0.6750094285349707,0.5006501660189214,0.03464144260942235,38.75,144,-0.49080506368943677,-0.6566024931503707,0.5124917931710616
Clean,10일,시장모형 초과,비용 전,160,-1.0770976766189182,-2.2913683470517863,-1.5722685670166496,0.11787608429498152,0.00488640480051111,34.375,144,-1.0628161301430108,-1.4476257185542316,0.14991056235952804
Clean,10일,시장모형 초과,비용 0.18% (2025),160,-1.257097676618918,-2.471368347051786,-1.8350194281561691,0.06837142771465948,0.0023181160981790086,34.375,144,-1.2428161301430107,-1.6927975991359645,0.09267152737466397
Clean,10일,시장모형 초과,비용 0.23% (2026),160,-1.3070976766189184,-2.5213683470517863,-1.9080057784727031,0.058192811110473565,0.0018018580496444818,33.75,144,-1.2928161301430108,-1.760900899297557,0.08039273458564976
전반 (t0 ~2020-12-31),1일,원 수익률,비용 전,135,-0.19381458297215234,-0.43923865300146137,-0.8600766552180531,0.39128295684376446,0.050453819641191125,42.96296296296296,113,-0.07454123888173193,-0.2896537316331744,0.7726166932523825
전반 (t0 ~2020-12-31),1일,원 수익률,비용 0.18% (2025),135,-0.3738145829721524,-0.6192386530014613,-1.6588493562458886,0.09948502318414382,0.00584554392934384,40.0,113,-0.25454123888173186,-0.9891010775069616,0.3247457285526785
전반 (t0 ~2020-12-31),1일,원 수익률,비용 0.23% (2026),135,-0.4238145829721522,-0.6692386530014613,-1.8807306620869528,0.06217878854132902,0.002797760300805464,40.0,113,-0.3045412388817318,-1.1833920069163468,0.2391595629919056
전반 (t0 ~2020-12-31),1일,KOSPI 초과,비용 전,135,-0.19828181442681428,-0.38564172949085984,-0.9295016270989958,0.35430060010357645,0.036739464520213164,40.74074074074074,113,-0.07211793401332599,-0.2992973393196126,0.765267870457964
전반 (t0 ~2020-12-31),1일,KOSPI 초과,비용 0.18% (2025),135,-0.37828181442681436,-0.5656417294908598,-1.773302120661523,0.07845038195723655,0.002438704224959689,39.25925925925926,113,-0.25211793401332594,-1.0463170898795147,0.29766752657341616
전반 (t0 ~2020-12-31),1일,KOSPI 초과,비용 0.23% (2026),135,-0.4282818144268142,-0.6156417294908598,-2.0076911466511125,0.04668699023139161,0.001099873292440623,37.77777777777778,113,-0.3021179340133259,-1.2538225761461539,0.21251728628607044
전반 (t0 ~2020-12-31),1일,시장모형 초과,비용 전,135,-0.21052162398563662,-0.3717583052540444,-0.987063231307668,0.32539058391772807,0.047587846891314324,42.22222222222222,113,-0.08808943130956742,-0.36739346115033367,0.7140188550318153
전반 (t0 ~2020-12-31),1일,시장모형 초과,비용 0.18% (2025),135,-0.3905216239856367,-0.5517583052540443,-1.8310211025784238,0.06931883775187375,0.003343985885063375,38.51851851851852,113,-0.26808943130956747,-1.1181171521077709,0.26590951870715185
전반 (t0 ~2020-12-31),1일,시장모형 초과,비용 0.23% (2026),135,-0.44052162398563677,-0.6017583052540444,-2.0654538445980783,0.040807316649198344,0.001563558260903597,37.77777777777778,113,-0.31808943130956735,-1.3266515107070582,0.18732261551790408
전반 (t0 ~2020-12-31),5일,원 수익률,비용 전,135,-0.24548763960866885,-0.21668472372697867,-0.4702915482114848,0.6389112763373545,0.4538718329793241,46.666666666666664,113,-0.07454640292788041,-0.12768009565757743,0.8986311092274678
전반 (t0 ~2020-12-31),5일,원 수익률,비용 0.18% (2025),135,-0.4254876396086688,-0.3966847237269786,-0.8151255236124927,0.41644687324466373,0.24979671612812537,45.925925925925924,113,-0.2545464029278804,-0.43597689222599373,0.6636926709083458
전반 (t0 ~2020-12-31),5일,원 수익률,비용 0.23% (2026),135,-0.4754876396086687,-0.44668472372697865,-0.9109127390016613,0.3639770665350795,0.20039642282115966,45.18518518518518,113,-0.3045464029278803,-0.5216148912727759,0.6029684725780803
전반 (t0 ~2020-12-31),5일,KOSPI 초과,비용 전,135,-0.5176674968587855,-0.8544372918550813,-1.1500490869045608,0.25217197490543297,0.056889180114522105,42.96296296296296,113,-0.33353805095237626,-0.6673233637531996,0.5059382198583646
전반 (t0 ~2020-12-31),5일,KOSPI 초과,비용 0.18% (2025),135,-0.6976674968587854,-1.0344372918550813,-1.5499367308052376,0.1235153012040944,0.020026870130880427,41.48148148148148,113,-0.5135380509523764,-1.0274568031991442,0.3064192975767355
전반 (t0 ~2020-12-31),5일,KOSPI 초과,비용 0.23% (2026),135,-0.7476674968587851,-1.0844372918550813,-1.6610166318887587,0.0990481351603542,0.014158079678399086,40.74074074074074,113,-0.5635380509523762,-1.1274938697119061,0.2619434085254972
전반 (t0 ~2020-12-31),5일,시장모형 초과,비용 전,135,-0.6393501925223932,-0.67045941860968,-1.4374281249615264,0.1529274289263005,0.028073018836753394,41.48148148148148,113,-0.47398179425036197,-0.9622674197840957,0.33798824102488295
전반 (t0 ~2020-12-31),5일,시장모형 초과,비용 0.18% (2025),135,-0.8193501925223933,-0.8504594186096799,-1.842115674162526,0.06766885416566583,0.00878927684642723,40.0,113,-0.6539817942503621,-1.3276994630866852,0.18697713926197534
전반 (t0 ~2020-12-31),5일,시장모형 초과,비용 0.23% (2026),135,-0.8693501925223932,-0.9004594186096799,-1.9545288822739149,0.05272082487719381,0.006592057751365294,40.0,113,-0.703981794250362,-1.4292083640040707,0.155727623338053
전반 (t0 ~2020-12-31),10일,원 수익률,비용 전,135,0.48558067284481593,0.0,0.5939257675973783,0.5535630853425964,0.5767882612714308,49.629629629629626,113,0.641976431703428,0.6760884024254773,0.5003782408672183
전반 (t0 ~2020-12-31),10일,원 수익률,비용 0.18% (2025),135,0.30558067284481594,-0.18,0.3737633020255786,0.7091711284395865,0.8227424847694832,49.629629629629626,113,0.46197643170342756,0.48652394736647026,0.627546412531871
전반 (t0 ~2020-12-31),10일,원 수익률,비용 0.23% (2026),135,0.2555806728448161,-0.22999999999999998,0.3126070615889677,0.7550651783904365,0.8760843948464001,49.629629629629626,113,0.4119764317034283,0.4338671542945247,0.6652195068390974
전반 (t0 ~2020-12-31),10일,KOSPI 초과,비용 전,135,-0.8775893210426791,-2.073173576923937,-1.2344499440133325,0.21919571819276013,0.019562803028884024,40.0,113,-0.5170181820871337,-0.6374056102835692,0.5251615503862338
전반 (t0 ~2020-12-31),10일,KOSPI 초과,비용 0.18% (2025),135,-1.057589321042679,-2.253173576923937,-1.4876446725663177,0.1391940494952584,0.009371911314096034,39.25925925925926,113,-0.6970181820871338,-0.8593185213302962,0.39200032241000227
전반 (t0 ~2020-12-31),10일,KOSPI 초과,비용 0.23% (2026),135,-1.1075893210426786,-2.3031735769239368,-1.5579765416088132,0.12159749551248761,0.006769122605435035,38.51851851851852,113,-0.7470181820871333,-0.920960996621053,0.35905027160616954
전반 (t0 ~2020-12-31),10일,시장모형 초과,비용 전,135,-1.3019836759103722,-2.3526791661848416,-1.7891202291698203,0.07585443260207472,0.005690587573639872,39.25925925925926,113,-0.9208814719984828,-1.1352014836876074,0.25871444973185925
전반 (t0 ~2020-12-31),10일,시장모형 초과,비용 0.18% (2025),135,-1.481983675910372,-2.5326791661848413,-2.0364671408163044,0.043673413856026855,0.0025472831746763975,37.77777777777778,113,-1.1008814719984823,-1.3570935222149128,0.17748014663729703
전반 (t0 ~2020-12-31),10일,시장모형 초과,비용 0.23% (2026),135,-1.5319836759103724,-2.5826791661848416,-2.1051746162736618,0.03714268548103528,0.001956660828066982,36.2962962962963,113,-1.1508814719984823,-1.4187301995836088,0.15875448863192324
후반 (t0 2020-12-31 이후),1일,원 수익률,비용 전,492,-0.1712801037281942,-0.37834872015076737,-1.338930873740776,0.1812127216676508,0.017670111953777705,40.65040650406504,362,-0.20819921471582323,-1.462295873687274,0.1445301381593902
후반 (t0 2020-12-31 이후),1일,원 수익률,비용 0.18% (2025),492,-0.3512801037281941,-0.5583487201507673,-2.7460269230040137,0.006253588743152406,0.00011158591819797753,40.040650406504064,362,-0.38819921471582314,-2.7265333859323424,0.006712587785300427
후반 (t0 2020-12-31 이후),1일,원 수익률,비용 0.23% (2026),492,-0.40128010372819395,-0.6083487201507674,-3.1368869366882453,0.0018100301537044945,1.9032982030598973e-05,39.43089430894309,362,-0.43819921471582296,-3.0777104726670825,0.0022454245756611062
후반 (t0 2020-12-31 이후),1일,KOSPI 초과,비용 전,492,-0.12099185313800978,-0.28853434545449974,-0.9852809696920762,0.324971338944395,0.04369271812525349,41.66666666666667,362,-0.150015581839229,-1.121600139310369,0.26277798644497163
후반 (t0 2020-12-31 이후),1일,KOSPI 초과,비용 0.18% (2025),492,-0.3009918531380097,-0.4685343454544997,-2.451086889221865,0.01459014371136159,0.0004310775091772991,39.22764227642276,362,-0.3300155818392289,-2.467380508260501,0.01407383642037363
후반 (t0 2020-12-31 이후),1일,KOSPI 초과,비용 0.23% (2026),492,-0.3509918531380096,-0.5185343454544997,-2.8582552002023616,0.004440796998929059,9.009231992385628e-05,38.41463414634146,362,-0.38001558183922884,-2.8412083885244255,0.004749321866095032
후반 (t0 2020-12-31 이후),1일,시장모형 초과,비용 전,492,-0.19054392730745137,-0.3385685309550724,-1.5734459553488314,0.11625970670302782,0.009595915911208402,40.853658536585364,362,-0.21635445515635682,-1.6312832909743105,0.10370259574659638
후반 (t0 2020-12-31 이후),1일,시장모형 초과,비용 0.18% (2025),492,-0.3705439273074514,-0.5185685309550724,-3.059823799895936,0.0023358057729610747,4.025700244987177e-05,38.61788617886179,362,-0.39635445515635676,-2.98845891355704,0.0029958110691660853
후반 (t0 2020-12-31 이후),1일,시장모형 초과,비용 0.23% (2026),492,-0.4205439273074514,-0.5685685309550724,-3.472706534492353,0.0005607766906533134,5.985515829531104e-06,38.00813008130081,362,-0.44635445515635674,-3.3654521420522423,0.0008463065780726388
후반 (t0 2020-12-31 이후),5일,원 수익률,비용 전,492,0.24527355834090664,-0.6132741595632207,0.822988343817801,0.4109141424194899,0.8893855398786382,45.1219512195122,362,0.15640803031227898,0.47982896304559014,0.631639598880432
후반 (t0 2020-12-31 이후),5일,원 수익률,비용 0.18% (2025),492,0.06527355834090663,-0.7932741595632207,0.21901821801521956,0.8267268678245537,0.4312992180182412,44.51219512195122,362,-0.023591969687720944,-0.07237550609684673,0.9423431585212683
후반 (t0 2020-12-31 이후),5일,원 수익률,비용 0.23% (2026),492,0.015273558340906976,-0.8432741595632207,0.051248738625614736,0.9591481570422791,0.34572873441119345,44.51219512195122,362,-0.0735919696877207,-0.22576563641418965,0.8215114656739104
후반 (t0 2020-12-31 이후),5일,KOSPI 초과,비용 전,492,0.030682802572211478,-0.5681895778236135,0.11138812004931606,0.9113540986346693,0.41406403374951584,46.34146341463415,362,0.008947620537997057,0.030322707270362514,0.9758264438458116
후반 (t0 2020-12-31 이후),5일,KOSPI 초과,비용 0.18% (2025),492,-0.14931719742778857,-0.7481895778236134,-0.5420678855319823,0.5880176551506756,0.13326243962703654,45.1219512195122,362,-0.17105237946200286,-0.5796816268972389,0.5624909197452995
후반 (t0 2020-12-31 이후),5일,KOSPI 초과,비용 0.23% (2026),492,-0.1993171974277882,-0.7981895778236134,-0.723583442637897,0.46966608613994953,0.09183026267850425,44.71544715447154,362,-0.22105237946200262,-0.7491272752771275,0.45426834312707626
후반 (t0 2020-12-31 이후),5일,시장모형 초과,비용 전,492,-0.3224724790643729,-0.833017550373214,-1.1752642291793003,0.24045861665377977,0.045784319895793575,44.71544715447154,362,-0.3114958331665679,-1.059592223096861,0.2900385830178881
후반 (t0 2020-12-31 이후),5일,시장모형 초과,비용 0.18% (2025),492,-0.5024724790643728,-1.013017550373214,-1.8312816414746427,0.0676642762250631,0.0075012106844315266,43.90243902439025,362,-0.4914958331665678,-1.6718848442166006,0.09541351730108298
후반 (t0 2020-12-31 이후),5일,시장모형 초과,비용 0.23% (2026),492,-0.5524724790643727,-1.063017550373214,-2.013508700445571,0.0446062573384328,0.0043205573468249785,43.49593495934959,362,-0.5414958331665678,-1.8419661278609725,0.06630015500681999
후반 (t0 2020-12-31 이후),10일,원 수익률,비용 전,492,0.963747165149032,0.2828850542840655,2.438428748679789,0.015104728500406627,0.17779478340361188,50.609756097560975,362,0.9126826086075318,2.046512926243622,0.04142978533758825
후반 (t0 2020-12-31 이후),10일,원 수익률,비용 0.18% (2025),492,0.7837471651490319,0.10288505428406552,1.9830010279720565,0.04792407161561154,0.38135778766671213,50.609756097560975,362,0.732682608607532,1.6428979967492683,0.10127472140488691
후반 (t0 2020-12-31 이후),10일,원 수익률,비용 0.23% (2026),492,0.7337471651490322,0.05288505428406552,1.856493327775465,0.06398204788903379,0.4611873829132127,50.40650406504065,362,0.6826826086075322,1.5307827385563928,0.1266988912664913
후반 (t0 2020-12-31 이후),10일,KOSPI 초과,비용 전,492,0.297836088008602,-0.3032521280184386,0.7609866059270426,0.44703037302715526,0.916951651488038,48.983739837398375,362,0.4507384902024818,1.0293319653195043,0.3040128606878092
후반 (t0 2020-12-31 이후),10일,KOSPI 초과,비용 0.18% (2025),492,0.1178360880086021,-0.48325212801843853,0.3010772981506409,0.7634830071997988,0.5582827105798347,48.78048780487805,362,0.27073849020248175,0.618273762426117,0.5367847710359682
후반 (t0 2020-12-31 이후),10일,KOSPI 초과,비용 0.23% (2026),492,0.0678360880086024,-0.5332521280184386,0.1733247126571967,0.8624676291862133,0.47753684180442846,48.577235772357724,362,0.2207384902024818,0.5040909282890651,0.6145049853251374
후반 (t0 2020-12-31 이후),10일,시장모형 초과,비용 전,492,-0.36111444266395765,-0.9174695036918538,-0.917409449244372,0.3593785235694894,0.060570066705545836,43.49593495934959,362,-0.17784739575679936,-0.4044262330891164,0.686138816309458
후반 (t0 2020-12-31 이후),10일,시장모형 초과,비용 0.18% (2025),492,-0.5411144426639576,-1.0974695036918538,-1.3746985558383593,0.1698519511241006,0.02101784646447563,43.08943089430895,362,-0.3578473957567992,-0.8137475034190349,0.4163260201769194
후반 (t0 2020-12-31 이후),10일,시장모형 초과,비용 0.23% (2026),492,-0.5911144426639576,-1.1474695036918539,-1.5017233076700225,0.13381139169795295,0.015297861546263294,42.886178861788615,362,-0.4078473957567991,-0.9274478562884566,0.35431370276934937
