target,var,coef,HAC t,p,R2,N
ship_gap_ex,us_ship,0.01961380571311505,1.3632031352871996,0.17281849942240013,0.18502235625856012,2640
ship_gap_ex,spx,0.2730168623672829,12.88445462826415,5.506336363431386e-38,0.18502235625856012,2640
ship_gap_ex,oil,-0.00473426338192104,-0.5236876273076209,0.6004958226077615,0.18502235625856012,2640
ship_intra_ex,us_ship,-0.019274076643834723,-0.8523565614801044,0.3940162218239237,0.008421702546496324,2640
ship_intra_ex,spx,-0.10521847736844114,-1.907045486256781,0.05651469752180814,0.008421702546496324,2640
ship_intra_ex,oil,0.042838409192669985,2.3605195191939616,0.018249357910775914,0.008421702546496324,2640
ship_cc_ex,us_ship,0.0017567698533769588,0.07009661959937162,0.9441167572549987,0.015863301259315565,2640
ship_cc_ex,spx,0.16397431545876345,2.786187278534815,0.005333204961553241,0.015863301259315565,2640
ship_cc_ex,oil,0.03852677839095309,1.8468229980121056,0.06477279760026351,0.015863301259315565,2640
