종목,연도,거래량>0,거래량=0
현대중공업,2004,0,0
현대중공업,2005,0,0
현대중공업,2006,0,0
현대중공업,2007,0,0
현대중공업,2008,0,0
현대중공업,2009,0,0
현대중공업,2010,0,0
현대중공업,2011,0,0
현대중공업,2012,0,0
현대중공업,2013,0,0
현대중공업,2014,0,0
현대미포조선,2004,0,0
현대미포조선,2005,0,0
현대미포조선,2006,0,0
현대미포조선,2007,0,0
현대미포조선,2008,0,0
현대미포조선,2009,0,0
현대미포조선,2010,0,0
현대미포조선,2011,0,0
현대미포조선,2012,0,0
현대미포조선,2013,0,0
현대미포조선,2014,0,0
삼성중공업,2004,0,0
삼성중공업,2005,0,0
삼성중공업,2006,0,0
삼성중공업,2007,0,0
삼성중공업,2008,0,0
삼성중공업,2009,0,0
삼성중공업,2010,0,0
삼성중공업,2011,0,0
삼성중공업,2012,0,0
삼성중공업,2013,0,0
삼성중공업,2014,0,0
대우조선해양,2004,0,0
대우조선해양,2005,0,0
대우조선해양,2006,0,0
대우조선해양,2007,0,0
대우조선해양,2008,1,0
대우조선해양,2009,0,0
대우조선해양,2010,0,0
대우조선해양,2011,0,0
대우조선해양,2012,0,0
대우조선해양,2013,0,0
대우조선해양,2014,0,0
