block,spec,target,coef,HAC t,N
F-ZIM,"전체, 원래 신호(2021 전 LNG·HII / 이후 +ZIM)",ship_gap_ex,0.022420824718759377,1.5383497477502102,2780
F-ZIM,"ZIM 상장 전(~2021-01-27), 신호=LNG·HII",ship_gap_ex,0.020454703988440077,0.8275298804774136,1444
F-ZIM,"ZIM 상장 후(2021-01-28~), 신호=LNG·HII·ZIM",ship_gap_ex,0.025064550610984213,1.398120141015096,1336
F-ZIM,"ZIM 상장 후, 신호=LNG·HII만",ship_gap_ex,0.07880544544048657,2.881185139783381,1336
F-ZIM,"전체, 신호=LNG·HII로 통일",ship_gap_ex,0.05394068210742713,2.922024657247482,2780
F-ZIM,"전체, 원래 신호(2021 전 LNG·HII / 이후 +ZIM)",ship_intra_ex,0.10287139619528796,3.6767261524981545,2780
F-ZIM,"ZIM 상장 전(~2021-01-27), 신호=LNG·HII",ship_intra_ex,0.10463985625595762,2.399975587810842,1444
F-ZIM,"ZIM 상장 후(2021-01-28~), 신호=LNG·HII·ZIM",ship_intra_ex,0.09887247948605025,2.690823464720349,1336
F-ZIM,"ZIM 상장 후, 신호=LNG·HII만",ship_intra_ex,0.12377634453186326,1.957095520335824,1336
F-ZIM,"전체, 신호=LNG·HII로 통일",ship_intra_ex,0.11618655317139115,3.082216665634274,2780
