,ccf
-12,0.004816778436969015
-11,-0.030284198429647594
-10,-0.054605447709353765
-9,-0.03769444426405383
-8,0.011843905980320577
-7,0.0025226449521324316
-6,-0.02121838193647772
-5,0.004461081011656482
-4,-0.005292573899964883
-3,0.0018406820694678277
-2,-0.03537130997776069
-1,-0.06377810485723964
0,0.21662191086227495
1,0.1133130337502047
2,-0.014443663435856902
3,0.013573952522518532
4,-0.025333194059826075
5,0.08422890863854482
6,0.014475140466528374
7,0.07253707098456402
8,0.08790684552991322
9,-0.006981050741890573
10,-0.0012089769113790081
11,-0.04685054498881876
12,-0.04637886708488676
