lag k,corr,p,N
-12,0.004816778436968998,0.9064290466446623,598
-11,-0.0302841984296476,0.4594144483999052,599
-10,-0.05460544770935378,0.18162696976993356,600
-9,-0.03769444426405381,0.35627059326470056,601
-8,0.011843905980320587,0.7718127351764371,602
-7,0.0025226449521324255,0.9507079444123526,603
-6,-0.021218381936477772,0.6027499364027745,604
-5,0.004461081011656493,0.9128045715106144,605
-4,-0.00529257389996487,0.8965509532443104,606
-3,0.0018406820694678249,0.9639031578225394,607
-2,-0.03537130997776073,0.38394461143377934,608
-1,-0.06377810485723964,0.11588592565969323,609
0,0.2166219108622749,6.53597848567638e-08,610
1,0.11331303375020464,0.005116480516528021,609
2,-0.014443663435856912,0.7222655881308417,608
3,0.013573952522518532,0.7385663095685991,607
4,-0.02533319405982606,0.5336517606149319,606
5,0.0842289086385449,0.03834438356237154,605
6,0.014475140466528357,0.7225681088482078,604
7,0.07253707098456413,0.07509661927757547,603
8,0.08790684552991324,0.031040868035976995,602
9,-0.006981050741890585,0.8643901906929894,601
10,-0.001208976911379002,0.9764243297476775,600
11,-0.04685054498881879,0.25226045728627194,599
12,-0.04637886708488677,0.25747176313535325,598
