test,freq,universe,N,Σb,Σb t,Σb p,joint F p (b=0),R2,b1,b2,b3,b4
I-2 조선→기자재,주간,6종목(본 분석),537,0.1485838003693638,1.3016787214539773,0.19302623653579898,0.2016117228254648,0.027588837890156093,0.1252291528839797,0.01780648247638483,0.011480592473645624,-0.005932427464646364
I-3 플라시보 삼성전자→기자재,주간,6종목(본 분석),533,-0.07543789453395466,-0.4274483369397768,0.6690528069621485,0.9489075255366574,0.01816094039690097,-0.04992080318622717,0.004717568544293045,0.004268405700919477,-0.03450306559294002
I-4 역방향 기자재→조선,주간,6종목(본 분석),537,0.07436913011287917,0.5546900512049969,0.5791066822766382,0.635467545592783,0.03368283278399109,0.05741168982370586,-0.05291991048738585,0.02446145844306037,0.045415892333498784
I-2 조선→기자재,일간,6종목(본 분석),2870,0.04091660826594298,0.9180497042493427,0.3585928445900962,0.4622344252753685,0.007729142085691754,0.0061705235140189114,-0.005286369989950777,0.04182728132980013,-0.0017948265879252825
I-3 플라시보 삼성전자→기자재,일간,6종목(본 분석),2863,0.01676892721433169,0.25919868755741443,0.7954819436885154,0.9078172913200869,0.0066465525151425675,0.026797617524903613,6.291259839806985e-05,-0.01583751527194507,0.00574591236297508
I-4 역방향 기자재→조선,일간,6종목(본 분석),2870,0.19429801742246536,2.9435319402787314,0.0032449033796007926,0.04615487582328304,0.010630353120178793,0.059063244600767395,0.03598089200494521,0.03767501045199384,0.06157887036475892
I-2 조선→기자재,주간,8종목(강건성),537,0.07702847810188815,0.7389804859821918,0.45991884689200513,0.7300438292458225,0.022712500196012786,0.06356294492844403,-0.0013166176970570802,0.027306992259805086,-0.012524841389303888
I-3 플라시보 삼성전자→기자재,주간,8종목(강건성),533,-0.008421581629958805,-0.03980528113068866,0.9682483658365979,0.9674775238520226,0.021170430907825333,0.014811864743595637,-0.004125254152162157,-0.05478801901156769,0.03567982679017541
I-4 역방향 기자재→조선,주간,8종목(강건성),537,0.05315759345203929,0.516114578603433,0.6057743863733136,0.29460944061801564,0.037055699693718136,0.0573406097643649,-0.0864841715786701,0.040021758823749504,0.042279396442594985
I-2 조선→기자재,일간,8종목(강건성),2870,0.033372717757575686,0.7018722060163267,0.48275886355757935,0.857567122633092,0.011614621919851853,0.00023907822760569969,0.009145912656800193,0.024063244033310813,-7.5517160141025e-05
I-3 플라시보 삼성전자→기자재,일간,8종목(강건성),2863,0.043803436778398756,0.6724912567679986,0.501271004379639,0.9653827017012172,0.011328016756530057,0.00806322948292139,0.008249238780914239,0.007577235609687278,0.019913732904875848
I-4 역방향 기자재→조선,일간,8종목(강건성),2870,0.15975870124708863,2.7951091127880265,0.00518822010176219,0.06160021881835885,0.009995009152394263,0.03734441814884196,0.021144130462410683,0.04791846254993451,0.053351690085901474
