항목,6종목(본 분석),8종목(강건성)
I-1 비대칭 Σ(L→F)−Σ(F→L) [주간],+0.052 (p=0.555),+0.030 (p=0.735)
I-2 조선→기자재 Σb [주간],"+0.149 (t=1.30, p=0.193; 결합 p=0.202)","+0.077 (t=0.74, p=0.460; 결합 p=0.730)"
I-3 플라시보 삼성전자→기자재 Σb [주간],"-0.075 (t=-0.43, p=0.669; 결합 p=0.949)","-0.008 (t=-0.04, p=0.968; 결합 p=0.967)"
I-4 역방향 기자재→조선 Σb [주간],"+0.074 (t=0.55, p=0.579; 결합 p=0.635)","+0.053 (t=0.52, p=0.606; 결합 p=0.295)"
I-1 비대칭 Σ(L→F)−Σ(F→L) [일간],-0.042 (p=0.306),-0.008 (p=0.859)
I-2 조선→기자재 Σb [일간],"+0.041 (t=0.92, p=0.359; 결합 p=0.462)","+0.033 (t=0.70, p=0.483; 결합 p=0.858)"
I-3 플라시보 삼성전자→기자재 Σb [일간],"+0.017 (t=0.26, p=0.795; 결합 p=0.908)","+0.044 (t=0.67, p=0.501; 결합 p=0.965)"
I-4 역방향 기자재→조선 Σb [일간],"+0.194 (t=2.94, p=0.003; 결합 p=0.046)","+0.160 (t=2.80, p=0.005; 결합 p=0.062)"
전략 CAGR / Sharpe [전체],6.1% / 0.29 (보유 23.4% / 0.62),7.0% / 0.33 (보유 21.0% / 0.53)
전략 CAGR / Sharpe [~2020 (IS)],-3.5% / -0.21 (보유 21.7% / 0.60),-5.3% / -0.32 (보유 7.5% / 0.20)
전략 CAGR / Sharpe [2021~ (OOS)],13.3% / 0.56 (보유 24.5% / 0.63),16.5% / 0.68 (보유 31.3% / 0.76)
