,name,부분 재개기간(2021-05-03~2023-11-05) 처리,공매도 가능 거래일 비율(%)
009540,HD한국조선해양,"구성 종목으로 처리(대형주, 편출 기록 확인 못함 — 추정)",76.40106747998475
010140,삼성중공업,구성 종목으로 처리(추정),76.40106747998475
042660,한화오션,구성 종목으로 처리(추정),76.40106747998475
329180,HD현대중공업,2021-12-10 정기변경 편입(보도 확인) → 그 전은 불가,70.64430041936714
010620,HD현대미포,구성 종목으로 처리(추정),76.40106747998475
097230,HJ중공업,"2019년 관리종목 지정 뒤 편출 예고 보도, 재편입 기록 못 찾음 → 불가(보수적)",52.80213495996951
017960,한국카본,"KOSDAQ150/KOSPI200 구성 확인 못함 → 불가(보수적, 탐색용)",52.80213495996951
033500,동성화인텍,"KOSDAQ150/KOSPI200 구성 확인 못함 → 불가(보수적, 탐색용)",52.80213495996951
075580,세진중공업,"KOSDAQ150/KOSPI200 구성 확인 못함 → 불가(보수적, 탐색용)",52.80213495996951
014620,성광벤드,"KOSDAQ150/KOSPI200 구성 확인 못함 → 불가(보수적, 탐색용)",52.80213495996951
023160,태광,"KOSDAQ150/KOSPI200 구성 확인 못함 → 불가(보수적, 탐색용)",52.80213495996951
082740,한화엔진,"KOSDAQ150/KOSPI200 구성 확인 못함 → 불가(보수적, 탐색용)",52.80213495996951
