기간,형성 시작,형성 끝,거래 시작,거래 끝,거래일,적격 종목 수,적격 종목,후보 쌍 수,1위 쌍,1위 SSD,1위 σ,2위 쌍,2위 SSD,2위 σ,3위 쌍,3위 SSD,3위 σ,(a) 왕복 거래
1,2015-01-02,2016-01-07,2016-01-08,2016-07-13,126,5,"HD한국조선해양, 삼성중공업, 한화오션, HD현대미포, HJ중공업",10,HD한국조선해양 / HD현대미포,1.8941870646381473,0.07828424372555585,삼성중공업 / 한화오션,10.864451338956114,0.15521912501638416,HD한국조선해양 / 삼성중공업,11.010144975196933,0.0867648125506005,3
2,2015-07-07,2016-07-13,2016-07-14,2017-01-13,126,5,"HD한국조선해양, 삼성중공업, 한화오션, HD현대미포, HJ중공업",10,삼성중공업 / HJ중공업,3.4232608202333568,0.06785115060607909,HD한국조선해양 / HD현대미포,3.902020779406401,0.08665217991013098,HD한국조선해양 / HJ중공업,9.610036379243418,0.10299974454224971,4
3,2016-01-08,2017-01-13,2017-01-16,2017-07-20,126,4,"HD한국조선해양, 삼성중공업, HD현대미포, HJ중공업",6,HD현대미포 / HJ중공업,2.247734415497301,0.09127765360106918,삼성중공업 / HD현대미포,17.58096007776448,0.13849572919412337,삼성중공업 / HJ중공업,23.04108022679225,0.1704351280356209,2
4,2016-07-14,2017-07-20,2017-07-21,2018-01-26,126,3,"삼성중공업, HD현대미포, HJ중공업",3,삼성중공업 / HD현대미포,7.227955372565589,0.16596774700926234,HD현대미포 / HJ중공업,18.697596444010205,0.17151454851613165,삼성중공업 / HJ중공업,25.465999166288896,0.20027747327799902,0
5,2017-01-16,2018-01-26,2018-01-29,2018-08-02,126,3,"삼성중공업, HD현대미포, HJ중공업",3,삼성중공업 / HJ중공업,5.961742835466378,0.13856062234840832,HD현대미포 / HJ중공업,31.356201101832436,0.1446558986867992,삼성중공업 / HD현대미포,51.64627110698867,0.23170913639093837,0
6,2017-07-21,2018-08-02,2018-08-03,2019-02-12,126,4,"HD한국조선해양, 삼성중공업, HD현대미포, HJ중공업",6,HD한국조선해양 / HJ중공업,1.402533297763393,0.07120127159162082,HD한국조선해양 / 삼성중공업,1.5299881941672457,0.07792531794253497,삼성중공업 / HJ중공업,1.9735250402405908,0.08683679712895832,3
7,2018-01-29,2019-02-12,2019-02-13,2019-08-13,126,5,"HD한국조선해양, 삼성중공업, 한화오션, HD현대미포, HJ중공업",10,HD한국조선해양 / 삼성중공업,1.085644476821162,0.056610656591848635,HD한국조선해양 / HD현대미포,1.3563683459831941,0.0734932548672542,삼성중공업 / HD현대미포,2.2567732119762702,0.08930821584944315,0
8,2018-08-03,2019-08-13,2019-08-14,2020-02-19,126,4,"HD한국조선해양, 삼성중공업, 한화오션, HD현대미포",6,HD한국조선해양 / 한화오션,1.3498418419100653,0.06645929029381618,HD한국조선해양 / HD현대미포,2.2826806242397026,0.09385220198076034,HD한국조선해양 / 삼성중공업,4.010773859264732,0.11194607651343383,3
9,2019-02-13,2020-02-19,2020-02-20,2020-08-20,126,4,"HD한국조선해양, 삼성중공업, 한화오션, HD현대미포",6,삼성중공업 / 한화오션,0.9265986362246544,0.060753218218234366,HD한국조선해양 / 한화오션,1.9017712267643243,0.07348016443530649,HD한국조선해양 / 삼성중공업,1.9947647139019506,0.075448688969967,4
10,2019-08-14,2020-08-20,2020-08-21,2021-02-25,126,5,"HD한국조선해양, 삼성중공업, 한화오션, HD현대미포, HJ중공업",10,HD한국조선해양 / HD현대미포,1.9664533869852487,0.03479057272558633,삼성중공업 / 한화오션,1.9970302527168775,0.05746925361664169,한화오션 / HD현대미포,2.8524763733526313,0.10521534760108064,3
11,2020-02-20,2021-02-25,2021-02-26,2021-08-26,126,5,"HD한국조선해양, 삼성중공업, 한화오션, HD현대미포, HJ중공업",10,삼성중공업 / 한화오션,1.7468004461666466,0.05600230811206029,HD한국조선해양 / 삼성중공업,2.4134565748495165,0.07627868048908422,삼성중공업 / HD현대미포,3.481863980614251,0.1138892890667753,3
12,2020-08-21,2021-08-26,2021-08-27,2022-03-04,126,4,"HD한국조선해양, 한화오션, HD현대미포, HJ중공업",6,HD한국조선해양 / 한화오션,3.1776363217477135,0.11042028224688669,한화오션 / HJ중공업,10.548155411043085,0.20262073512971274,HD한국조선해양 / HJ중공업,17.718503011812604,0.26040158487675663,1
13,2021-02-26,2022-03-04,2022-03-07,2022-09-05,126,4,"HD한국조선해양, 한화오션, HD현대미포, HJ중공업",6,HD한국조선해양 / 한화오션,3.6722136946756665,0.0858952951057239,한화오션 / HJ중공업,10.822121543255903,0.20626343291320745,HD한국조선해양 / HJ중공업,14.19886566436555,0.21136228573959315,1
14,2021-08-27,2022-09-05,2022-09-06,2023-03-10,126,5,"HD한국조선해양, 삼성중공업, 한화오션, HD현대미포, HJ중공업",10,한화오션 / HJ중공업,1.5843356438934677,0.07724897837302433,HD한국조선해양 / 한화오션,2.8564001424590137,0.06515154170800719,HD한국조선해양 / HJ중공업,4.3357469709518535,0.0815922681010442,3
15,2022-03-07,2023-03-10,2023-03-13,2023-09-11,126,6,"HD한국조선해양, 삼성중공업, 한화오션, HD현대중공업, HD현대미포, HJ중공업",15,HD한국조선해양 / 삼성중공업,0.6006741315542661,0.03720804883987653,HD현대중공업 / HD현대미포,3.952068608920714,0.12336503758127046,삼성중공업 / HD현대중공업,4.1241636880944075,0.0721784762480039,3
16,2022-09-06,2023-09-11,2023-09-12,2024-03-20,126,6,"HD한국조선해양, 삼성중공업, 한화오션, HD현대중공업, HD현대미포, HJ중공업",15,HD한국조선해양 / 삼성중공업,2.1956683150722887,0.07271345478730774,HD현대중공업 / HD현대미포,3.598549746672621,0.0869510115980533,HD현대미포 / HJ중공업,4.3850064365600545,0.08306066139290888,3
17,2023-03-13,2024-03-20,2024-03-21,2024-09-25,126,6,"HD한국조선해양, 삼성중공업, 한화오션, HD현대중공업, HD현대미포, HJ중공업",15,HD현대중공업 / HD현대미포,2.3660350268620975,0.07493839188118029,HD한국조선해양 / 삼성중공업,3.22911325294608,0.1122334357030696,HD현대미포 / HJ중공업,7.941357043311314,0.09411456657149342,3
18,2023-09-12,2024-09-25,2024-09-26,2025-04-04,126,6,"HD한국조선해양, 삼성중공업, 한화오션, HD현대중공업, HD현대미포, HJ중공업",15,HD한국조선해양 / HD현대중공업,1.468164415556243,0.06740380451195616,삼성중공업 / HD현대중공업,3.9536026272635767,0.12327518570757093,한화오션 / HD현대미포,5.15354375404326,0.14323305896120644,4
19,2024-03-21,2025-04-04,2025-04-07,2025-10-14,126,6,"HD한국조선해양, 삼성중공업, 한화오션, HD현대중공업, HD현대미포, HJ중공업",15,HD한국조선해양 / HD현대미포,7.0905686853964385,0.12126719997847846,HD한국조선해양 / 삼성중공업,17.101540366950818,0.1755268229703842,한화오션 / HJ중공업,17.93354476054025,0.25578829208721826,4
20,2024-09-26,2025-10-14,2025-10-15,2026-04-17,126,6,"HD한국조선해양, 삼성중공업, 한화오션, HD현대중공업, HD현대미포, HJ중공업",15,HD한국조선해양 / 삼성중공업,4.5697068695006084,0.13488262622856717,HD한국조선해양 / HD현대미포,5.104071844857101,0.13380731581202507,삼성중공업 / HD현대미포,9.526682760403615,0.18937475621798436,1
21,2025-04-07,2026-04-17,2026-04-20,2026-09-17,103,5,"HD한국조선해양, 삼성중공업, 한화오션, HD현대중공업, HJ중공업",10,삼성중공업 / 한화오션,5.430922014822199,0.1464227685975956,한화오션 / HD현대중공업,6.116093755175774,0.15006750829698062,삼성중공업 / HD현대중공업,10.370479598826517,0.20119730868676675,2
