연도,(a) 이론: 제약 무시,(b) 실행 가능: 공매도 금지 시 신규 진입 금지,(c) 롱온리: 싼 쪽만 매수,비교: 선택 쌍 두 종목 50:50 보유(비용 없음)
2016,-9.22549110756573,-9.22549110756573,-14.450318426912501,17.455487823562787
2017,-11.10345719787662,-11.10345719787662,17.008993002001006,-4.111404339794644
2018,-29.26799842170378,-29.26799842170378,-20.591374444254107,-0.41156022629401656
2019,-19.619788028441732,-19.619788028441732,-4.034936716834492,-10.796866979403442
2020,11.62128641125786,-0.4171013738081819,7.0745226890485124,0.46172448269989896
2021,-18.598070829799372,2.159069391218038,-16.868813157675543,-8.487743581995598
2022,-3.9805837917816667,-3.9805837917816667,-9.14957106694877,-31.289273762830273
2023,-12.039738420241598,-11.243404549423675,18.167309536066355,61.839718533208774
2024,-16.25086994969127,0.0,13.109900793165274,59.26683592704307
2025,-30.98282638837845,-17.43923605992196,17.139459644570685,158.75014390243578
2026,-4.160730089334019,-4.160730089334019,-13.461937906922971,-16.976006159990277
