버전,구간,구분,CAGR(%),Vol(%),Sharpe*,MDD(%),일수,왕복 거래,승률(%),거래 중앙값(%),거래 평균(%),평균 보유일,강제 청산(기간 끝),stale 청산,"보유 비중(%, 쌍·일 기준)",공매도 막힌 날 진입 거래,그 거래들의 수익 합(%),진입 차단 횟수(b)
(a) 이론: 제약 무시,전체,탐색적,-7.1242399122417925,27.974100280275096,-0.2546727094299146,-77.97426294113386,2623,69.0,52.17391304347826,1.7921914898909153,-1.8885897748971665,63.18840579710145,49.0,0.0,55.40729444656246,31.0,-1.3817701960337714,
(a) 이론: 제약 무시,~2020,탐색적,-4.354911233871084,30.600228148529663,-0.14231629949727473,-56.1768152109656,1223,,,,,,,,,,,
(a) 이론: 제약 무시,2021~,탐색적,-9.477747286957094,25.468811204951848,-0.3721315145292041,-68.62443753335427,1400,,,,,,,,,,,
(b) 실행 가능: 공매도 금지 시 신규 진입 금지,전체,탐색적,-5.089264742336619,20.93048399166395,-0.2431508389564014,-61.30495227853354,2623,42.0,52.38095238095239,1.6767512855166755,-2.6002149092856053,63.142857142857146,31.0,0.0,33.70186808997332,0.0,0.0,1180.0
(b) 실행 가능: 공매도 금지 시 신규 진입 금지,~2020,탐색적,-9.177887346014424,27.093819464987014,-0.3387446852177814,-56.1768152109656,1223,,,,,,,,,,,
(b) 실행 가능: 공매도 금지 시 신규 진입 금지,2021~,탐색적,-1.3672166525298124,13.408973075132295,-0.1019628158598807,-25.87241309338687,1400,,,,,,,,,,,
(c) 롱온리: 싼 쪽만 매수,전체,탐색적,11.61546369103692,27.469847490387124,0.42284412736916976,-54.946084446389754,2623,70.0,55.714285714285715,2.6720746779388183,7.283457266591578,62.47142857142857,50.0,0.0,55.572499682297625,,,
(c) 롱온리: 싼 쪽만 매수,~2020,탐색적,12.590745584751462,27.97627270030049,0.45005085987084426,-54.946084446389754,1223,,,,,,,,,,,
(c) 롱온리: 싼 쪽만 매수,2021~,탐색적,10.770401297419397,27.029590878600057,0.39846704842086855,-30.938310136895318,1400,,,,,,,,,,,
비교: 선택 쌍 두 종목 50:50 보유(비용 없음),전체,탐색적,14.803921555217547,36.35985266745845,0.4071502074172827,-60.051848132453735,2623,,,,,,,,,,,
비교: 선택 쌍 두 종목 50:50 보유(비용 없음),~2020,탐색적,7.423340187532257,34.0035754715894,0.21831057718429028,-60.051848132453735,1223,,,,,,,,,,,
비교: 선택 쌍 두 종목 50:50 보유(비용 없음),2021~,탐색적,21.66518189265687,38.30720142399956,0.5655642043086859,-40.96892553587325,1400,,,,,,,,,,,
