기간,구분,형성 시작,형성 끝,거래 시작,거래 끝,거래일,적격 종목 수,적격 종목,후보 쌍 수,1위 쌍,1위 SSD,1위 σ,2위 쌍,2위 SSD,2위 σ,3위 쌍,3위 SSD,3위 σ
1,탐색적,2015-01-02,2016-01-07,2016-01-08,2016-07-13,126,10,"HD한국조선해양, 삼성중공업, 한화오션, HD현대미포, HJ중공업, 한국카본, 동성화인텍, 성광벤드, 태광, 한화엔진",45,동성화인텍 / 성광벤드,1.114470198829021,0.06370539736295534,삼성중공업 / 동성화인텍,1.6383307885079827,0.061730481529328717,HD한국조선해양 / HD현대미포,1.8941870646381473,0.07828424372555585
2,탐색적,2015-07-07,2016-07-13,2016-07-14,2017-01-13,126,10,"HD한국조선해양, 삼성중공업, 한화오션, HD현대미포, HJ중공업, 한국카본, 동성화인텍, 성광벤드, 태광, 한화엔진",45,HD한국조선해양 / 한국카본,1.4180911477375844,0.07387918915620621,HJ중공업 / 한화엔진,1.8026070732719366,0.07847729797311677,성광벤드 / 태광,2.368282879785805,0.07381971549529219
3,탐색적,2016-01-08,2017-01-13,2017-01-16,2017-07-20,126,10,"HD한국조선해양, 삼성중공업, HD현대미포, HJ중공업, 한국카본, 동성화인텍, 세진중공업, 성광벤드, 태광, 한화엔진",45,삼성중공업 / 한국카본,2.149918082456537,0.08727602147588556,HD현대미포 / HJ중공업,2.247734415497301,0.09127765360106918,한국카본 / 태광,2.4689603471456207,0.07856116246677079
4,탐색적,2016-07-14,2017-07-20,2017-07-21,2018-01-26,126,9,"삼성중공업, HD현대미포, HJ중공업, 한국카본, 동성화인텍, 세진중공업, 성광벤드, 태광, 한화엔진",36,성광벤드 / 태광,1.1572759631955136,0.04629628060722812,한국카본 / 동성화인텍,1.2840616238235834,0.07006329191443918,한국카본 / 태광,1.413532682615618,0.05279323961362464
5,탐색적,2017-01-16,2018-01-26,2018-01-29,2018-08-02,126,9,"삼성중공업, HD현대미포, HJ중공업, 한국카본, 동성화인텍, 세진중공업, 성광벤드, 태광, 한화엔진",36,한국카본 / 성광벤드,0.8420620085439312,0.05786806644079576,한국카본 / 동성화인텍,3.040453877988418,0.09444879005841694,HJ중공업 / 세진중공업,3.337656548167121,0.114121362299616
6,탐색적,2017-07-21,2018-08-02,2018-08-03,2019-02-12,126,9,"HD한국조선해양, 삼성중공업, HD현대미포, HJ중공업, 한국카본, 동성화인텍, 세진중공업, 성광벤드, 태광",36,HD한국조선해양 / HJ중공업,1.402533297763393,0.07120127159162082,HD한국조선해양 / 삼성중공업,1.5299881941672457,0.07792531794253497,삼성중공업 / HJ중공업,1.9735250402405908,0.08683679712895832
7,탐색적,2018-01-29,2019-02-12,2019-02-13,2019-08-13,126,10,"HD한국조선해양, 삼성중공업, 한화오션, HD현대미포, HJ중공업, 한국카본, 동성화인텍, 세진중공업, 성광벤드, 태광",45,HD한국조선해양 / 한국카본,1.0535424633771264,0.06355938703530596,HD한국조선해양 / 삼성중공업,1.085644476821162,0.056610656591848635,삼성중공업 / 한국카본,1.0910340986708917,0.06252256798669145
8,탐색적,2018-08-03,2019-08-13,2019-08-14,2020-02-19,126,10,"HD한국조선해양, 삼성중공업, 한화오션, HD현대미포, 한국카본, 동성화인텍, 세진중공업, 성광벤드, 태광, 한화엔진",45,한국카본 / 동성화인텍,1.127323641438124,0.06639584456492652,HD한국조선해양 / 한화오션,1.3498418419100653,0.06645929029381618,성광벤드 / 태광,1.71747417197391,0.05190058516074384
9,탐색적,2019-02-13,2020-02-19,2020-02-20,2020-08-20,126,10,"HD한국조선해양, 삼성중공업, 한화오션, HD현대미포, 한국카본, 동성화인텍, 세진중공업, 성광벤드, 태광, 한화엔진",45,성광벤드 / 태광,0.6564859108624437,0.03204078583848287,삼성중공업 / 성광벤드,0.7231956092521753,0.04991167046701068,삼성중공업 / 태광,0.843823841627685,0.054382267261514836
10,탐색적,2019-08-14,2020-08-20,2020-08-21,2021-02-25,126,11,"HD한국조선해양, 삼성중공업, 한화오션, HD현대미포, HJ중공업, 한국카본, 동성화인텍, 세진중공업, 성광벤드, 태광, 한화엔진",55,삼성중공업 / 성광벤드,1.080558058667703,0.0605068190963699,HD현대미포 / 태광,1.116231779559684,0.05224416212230226,HD한국조선해양 / 태광,1.258414910472228,0.05846467579217024
11,탐색적,2020-02-20,2021-02-25,2021-02-26,2021-08-26,126,11,"HD한국조선해양, 삼성중공업, 한화오션, HD현대미포, HJ중공업, 한국카본, 동성화인텍, 세진중공업, 성광벤드, 태광, 한화엔진",55,성광벤드 / 태광,0.8712111620881531,0.05778230607882148,한화오션 / 동성화인텍,0.9501235591007215,0.06082194548518881,HD한국조선해양 / 성광벤드,1.4960694729090465,0.07371789372756946
12,탐색적,2020-08-21,2021-08-26,2021-08-27,2022-03-04,126,10,"HD한국조선해양, 한화오션, HD현대미포, HJ중공업, 한국카본, 동성화인텍, 세진중공업, 성광벤드, 태광, 한화엔진",45,HD한국조선해양 / 한화오션,3.1776363217477135,0.11042028224688669,한화오션 / 동성화인텍,3.980838019945124,0.1192857813302311,HD한국조선해양 / 동성화인텍,4.23984415359787,0.12860641298073508
13,탐색적,2021-02-26,2022-03-04,2022-03-07,2022-09-05,126,10,"HD한국조선해양, 한화오션, HD현대미포, HJ중공업, 한국카본, 동성화인텍, 세진중공업, 성광벤드, 태광, 한화엔진",45,세진중공업 / 한화엔진,2.3037768246053485,0.09574026551886418,한국카본 / 동성화인텍,2.535725369242593,0.05528874837446361,HD한국조선해양 / 한화오션,3.6722136946756665,0.0858952951057239
14,탐색적,2021-08-27,2022-09-05,2022-09-06,2023-03-10,126,11,"HD한국조선해양, 삼성중공업, 한화오션, HD현대미포, HJ중공업, 한국카본, 동성화인텍, 세진중공업, 성광벤드, 태광, 한화엔진",55,한화오션 / HJ중공업,1.5843356438934677,0.07724897837302433,동성화인텍 / 세진중공업,2.425298321288379,0.09130244632120754,삼성중공업 / 동성화인텍,2.609282521554795,0.04803865821229328
15,탐색적,2022-03-07,2023-03-10,2023-03-13,2023-09-11,126,12,"HD한국조선해양, 삼성중공업, 한화오션, HD현대중공업, HD현대미포, HJ중공업, 한국카본, 동성화인텍, 세진중공업, 성광벤드, 태광, 한화엔진",66,HD한국조선해양 / 삼성중공업,0.6006741315542661,0.03720804883987653,동성화인텍 / 한화엔진,0.6440119725224693,0.05009483425029651,HD한국조선해양 / 세진중공업,0.888011875306397,0.056098137631937973
16,탐색적,2022-09-06,2023-09-11,2023-09-12,2024-03-20,126,12,"HD한국조선해양, 삼성중공업, 한화오션, HD현대중공업, HD현대미포, HJ중공업, 한국카본, 동성화인텍, 세진중공업, 성광벤드, 태광, 한화엔진",66,동성화인텍 / 태광,0.4554642409101448,0.04182707918220602,HD한국조선해양 / 한화엔진,0.7248230797250778,0.05136741868163512,한국카본 / 성광벤드,0.8349114705909575,0.054725152226965446
17,탐색적,2023-03-13,2024-03-20,2024-03-21,2024-09-25,126,12,"HD한국조선해양, 삼성중공업, 한화오션, HD현대중공업, HD현대미포, HJ중공업, 한국카본, 동성화인텍, 세진중공업, 성광벤드, 태광, 한화엔진",66,HD현대중공업 / 동성화인텍,1.3371868410736427,0.051851975243542736,HD현대미포 / 동성화인텍,1.3912243662729984,0.07372496375575427,한국카본 / 성광벤드,1.4587819785982004,0.07623261655898375
18,탐색적,2023-09-12,2024-09-25,2024-09-26,2025-04-04,126,12,"HD한국조선해양, 삼성중공업, 한화오션, HD현대중공업, HD현대미포, HJ중공업, 한국카본, 동성화인텍, 세진중공업, 성광벤드, 태광, 한화엔진",66,HD한국조선해양 / HD현대중공업,1.468164415556243,0.06740380451195616,성광벤드 / 태광,1.596111556683649,0.06456171158840043,한국카본 / 성광벤드,2.0912539080441777,0.0667042265952903
19,탐색적,2024-03-21,2025-04-04,2025-04-07,2025-10-14,126,12,"HD한국조선해양, 삼성중공업, 한화오션, HD현대중공업, HD현대미포, HJ중공업, 한국카본, 동성화인텍, 세진중공업, 성광벤드, 태광, 한화엔진",66,동성화인텍 / 태광,3.4279642372116714,0.11579439931570054,삼성중공업 / 태광,4.1486256262936525,0.12669278512496404,삼성중공업 / 한국카본,7.088422178736697,0.09481504907067362
20,탐색적,2024-09-26,2025-10-14,2025-10-15,2026-04-17,126,12,"HD한국조선해양, 삼성중공업, 한화오션, HD현대중공업, HD현대미포, HJ중공업, 한국카본, 동성화인텍, 세진중공업, 성광벤드, 태광, 한화엔진",66,HD한국조선해양 / 삼성중공업,4.5697068695006084,0.13488262622856717,HD한국조선해양 / HD현대미포,5.104071844857101,0.13380731581202507,삼성중공업 / HD현대미포,9.526682760403615,0.18937475621798436
21,탐색적,2025-04-07,2026-04-17,2026-04-20,2026-09-17,103,10,"HD한국조선해양, 삼성중공업, 한화오션, HD현대중공업, HJ중공업, 한국카본, 세진중공업, 성광벤드, 태광, 한화엔진",45,삼성중공업 / 한화오션,5.430922014822199,0.1464227685975956,한화오션 / HD현대중공업,6.116093755175774,0.15006750829698062,삼성중공업 / HD현대중공업,10.370479598826517,0.20119730868676675
