pair,entry,exit,side,days,net ret(%),in short-ban
HD KSOE(Hold) / Samsung HI,2015-12-18,2016-04-15,short A/long B,78,-13.44686052028009,False
HD KSOE(Hold) / Samsung HI,2016-04-29,2016-05-23,long A/short B,15,3.5450011687171212,False
HD KSOE(Hold) / Samsung HI,2016-06-20,2016-09-26,short A/long B,67,-19.787696023136537,False
HD KSOE(Hold) / Samsung HI,2016-10-12,2016-12-28,long A/short B,56,0.6961014598668047,False
HD KSOE(Hold) / Samsung HI,2017-07-25,2017-11-07,long A/short B,69,-6.155678871935388,False
HD KSOE(Hold) / Samsung HI,2017-12-11,2018-05-16,short A/long B,105,-4.8500540099257865,False
HD KSOE(Hold) / Samsung HI,2018-06-04,2018-09-18,long A/short B,74,-0.464465872885389,False
HD KSOE(Hold) / Samsung HI,2019-01-31,2019-06-26,short A/long B,98,8.438357365223936,False
HD KSOE(Hold) / Samsung HI,2019-07-23,2019-11-20,long A/short B,82,9.309416940597659,False
HD KSOE(Hold) / Samsung HI,2020-02-07,2020-03-12,short A/long B,25,13.869369010097653,False
HD KSOE(Hold) / Samsung HI,2020-08-21,2020-11-12,short A/long B,56,-0.39236354546399177,True
HD KSOE(Hold) / Samsung HI,2020-12-15,2021-05-10,long A/short B,98,28.267519261900432,True
HD KSOE(Hold) / Samsung HI,2021-05-14,2021-10-05,short A/long B,85,37.180270146828896,False
HD KSOE(Hold) / Samsung HI,2021-11-25,2022-03-17,long A/short B,75,-7.064008078821993,False
HD KSOE(Hold) / Samsung HI,2022-09-30,2023-02-01,long A/short B,84,-3.83545454679618,False
HD KSOE(Hold) / Samsung HI,2023-03-06,2023-05-23,short A/long B,55,-4.5418389495436635,False
HD KSOE(Hold) / Samsung HI,2024-07-26,2024-11-13,long A/short B,72,-0.9427140081274432,True
HD KSOE(Hold) / Samsung HI,2025-06-26,2025-09-22,long A/short B,62,-12.350963350138166,False
HD KSOE(Hold) / Samsung HI,2026-06-24,2026-08-19,long A/short B,39,7.259250741084666,False
HD KSOE(Hold) / Hanwha Ocean,2016-02-15,2016-05-12,short A/long B,60,-6.048625576066868,False
HD KSOE(Hold) / Hanwha Ocean,2016-06-07,2017-10-30,long A/short B,29,2.770855991717247,False
HD KSOE(Hold) / Hanwha Ocean,2018-04-26,2018-10-15,long A/short B,112,-8.933594044076699,False
HD KSOE(Hold) / Hanwha Ocean,2019-03-07,2019-05-16,short A/long B,49,9.336954680112463,False
HD KSOE(Hold) / Hanwha Ocean,2019-07-29,2019-08-07,short A/long B,8,1.647701288967074,False
HD KSOE(Hold) / Hanwha Ocean,2020-02-10,2020-03-12,short A/long B,24,12.020561368529115,False
HD KSOE(Hold) / Hanwha Ocean,2020-08-26,2020-11-02,short A/long B,45,7.143992983364766,True
HD KSOE(Hold) / Hanwha Ocean,2020-11-20,2021-05-03,long A/short B,111,-3.36517106312344,True
HD KSOE(Hold) / Hanwha Ocean,2021-06-10,2021-09-30,short A/long B,77,4.281040687623872,False
HD KSOE(Hold) / Hanwha Ocean,2022-03-21,2022-10-04,short A/long B,135,5.050367606131068,False
HD KSOE(Hold) / Hanwha Ocean,2022-10-25,2023-02-02,long A/short B,70,-8.237628157399946,False
HD KSOE(Hold) / Hanwha Ocean,2024-02-06,2024-05-02,short A/long B,58,-0.8360200992050704,True
HD KSOE(Hold) / Hanwha Ocean,2024-07-01,2024-10-04,long A/short B,64,11.962864600957746,True
HD KSOE(Hold) / Hanwha Ocean,2025-07-09,2025-09-29,long A/short B,58,-9.769502972514088,False
HD KSOE(Hold) / Hanwha Ocean,2026-07-01,2026-08-18,long A/short B,33,7.693720769459578,False
Samsung HI / Hanwha Ocean,2015-12-18,2016-02-11,long A/short B,34,6.19602286451717,False
Samsung HI / Hanwha Ocean,2017-11-03,2018-03-22,short A/long B,94,12.78104946826939,False
Samsung HI / Hanwha Ocean,2018-06-04,2018-10-08,long A/short B,84,-14.50926358504373,False
Samsung HI / Hanwha Ocean,2019-03-11,2019-07-22,short A/long B,93,9.673522591772166,False
Samsung HI / Hanwha Ocean,2019-08-09,2020-07-01,long A/short B,220,-7.032973330557047,True
Samsung HI / Hanwha Ocean,2020-08-05,2020-09-25,short A/long B,37,0.3835974137658793,True
Samsung HI / Hanwha Ocean,2020-11-11,2021-04-13,long A/short B,104,0.9052539694802242,True
Samsung HI / Hanwha Ocean,2021-04-30,2021-10-14,short A/long B,100,0.2971078248809489,True
Samsung HI / Hanwha Ocean,2021-12-01,2022-05-27,long A/short B,121,10.690446598797676,False
Samsung HI / Hanwha Ocean,2022-08-02,2022-10-05,short A/long B,43,5.377015555725584,False
Samsung HI / Hanwha Ocean,2022-11-02,2023-02-07,long A/short B,67,-6.3770909358510375,False
Samsung HI / Hanwha Ocean,2023-07-25,2023-10-24,long A/short B,60,10.696753700509865,False
Samsung HI / Hanwha Ocean,2023-11-29,2024-03-25,short A/long B,78,-5.684007081709308,True
Samsung HI / Hanwha Ocean,2024-04-16,2024-08-22,long A/short B,88,5.299704695275764,True
Samsung HI / Hanwha Ocean,2024-09-25,2024-11-18,short A/long B,36,-2.845903884101997,True
Samsung HI / Hanwha Ocean,2025-07-14,2025-12-29,long A/short B,114,1.4521147143270463,False
Samsung HI / Hanwha Ocean,2026-01-15,2026-03-10,long A/short B,35,5.41874575938559,False
HD KSOE(Hold) / HD HHI,2022-09-13,2023-02-07,long A/short B,101,-2.1058270470482254,False
HD KSOE(Hold) / HD HHI,2023-02-28,2023-06-02,short A/long B,65,-14.615955088980536,False
HD KSOE(Hold) / HD HHI,2023-06-26,2023-10-24,long A/short B,81,1.0997314696161498,False
HD KSOE(Hold) / HD HHI,2024-03-13,2024-06-10,short A/long B,59,-5.269762872133565,True
HD KSOE(Hold) / HD HHI,2024-11-27,2025-05-13,short A/long B,109,-5.89850849310356,True
HD KSOE(Hold) / HD HHI,2025-06-10,2025-10-23,long A/short B,92,-3.5974692537613095,False
