used,report_nm,n
True,단일판매ㆍ공급계약체결,497
True,단일판매ㆍ공급계약체결(자회사의 주요경영사항),232
True,단일판매ㆍ공급계약체결(자율공시),11
True,단일판매ㆍ공급계약체결(자회사의 주요경영사항)(현대삼호중공업),3
True,단일판매ㆍ공급계약체결(자회사의 주요경영사항)(현대중공업주식회사),1
False,[기재정정]단일판매ㆍ공급계약체결,238
False,[기재정정]단일판매ㆍ공급계약체결(자회사의 주요경영사항),43
False,기타경영사항(자율공시)(단일판매·공급계약 체결 건의 진행사항 공시),24
False,단일판매ㆍ공급계약해지,23
False,[기재정정]단일판매ㆍ공급계약체결(자율공시),4
False,단일판매ㆍ공급계약해지(자회사의 주요경영사항),4
False,기타경영사항(자율공시)(단일판매·공급계약의 진행사항 공시),2
False,[첨부추가]단일판매ㆍ공급계약체결,1
False,기타경영사항(자율공시)((단일판매·공급계약 체결 건의 진행사항 공시)),1
False,기타경영사항(자율공시)(기타주요경영사항(자율공시) (단일판매·공급계약 체결 건의 진행사항 공시) ),1
False,기타경영사항(자율공시)(단일판매ㆍ공급계약 체결 건의 진행사항 공시),1
