,window,mean CAR(%),median(%),t,p,wilcoxon p,% positive,N
all,"[-10,-1] pre",-0.28280996064797514,-1.0154809676230019,-0.8487483704142549,0.39634575912555003,0.05079366409524513,44.1786283891547,627
all,"[-5,-1] pre",-0.40263868285359106,-0.7775957992799467,-1.7986427623584844,0.07255680224688738,0.007155806359859789,44.01913875598086,627
all,"[0,+1] announce",0.6843210195477873,0.4303757475666019,4.196145108182682,3.107800705247778e-05,7.634846322426153e-05,56.14035087719298,627
all,"[+2,+10] post",-0.33629155591318594,-0.9398844656703284,-1.0383196326705768,0.2995221557651142,0.04152142191142415,44.01913875598086,627
all,"[-10,+10] total",0.06521950298662597,0.005548360978828437,0.13644941932328777,0.8915098770258529,0.8581517915396754,50.079744816586924,627
clean,"[-10,-1] pre",-0.09516434708835973,-0.6677469316958097,-0.15414005807788717,0.8776947770575175,0.4174018380185832,45.625,160
clean,"[-5,-1] pre",-0.5477475674276654,-0.8414413099760425,-1.3935783371322477,0.16538983205134522,0.08972793345957851,43.75,160
clean,"[0,+1] announce",0.9292278436797345,0.5755096714688746,3.079200204863399,0.0024457269129514346,0.004030562235274736,56.25,160
clean,"[+2,+10] post",-1.0534724940373734,-1.7934540522792224,-1.626682713131197,0.10578472170827012,0.010296911611969124,36.25,160
clean,"[-10,+10] total",-0.21940899744599826,-1.0532515223758532,-0.24239108262236037,0.8087895189381437,0.5362954452040682,47.5,160
