firm,tdate,report_nm,n_contracts,clean,regime,own_pre,own_ann
HD KSOE(Hold),2017-09-26,단일판매ㆍ공급계약체결,1,True,High,0.012570049718068813,0.024794712430773892
HD KSOE(Hold),2018-05-03,단일판매ㆍ공급계약체결,1,True,Mid,-0.037587310178229,0.05504161101649292
HD KSOE(Hold),2018-07-17,단일판매ㆍ공급계약체결,1,True,Mid,-0.02282723755364774,-0.011529220711558617
HD KSOE(Hold),2018-09-28,단일판매ㆍ공급계약체결,1,False,Mid,0.03625372968068915,0.024492530817701863
HD KSOE(Hold),2018-10-10,단일판매ㆍ공급계약체결,1,False,Mid,0.07010767801958215,0.03429749600798564
HD KSOE(Hold),2018-12-13,단일판매ㆍ공급계약체결,1,True,Mid,0.03374472334159113,0.006781742458936918
HD KSOE(Hold),2019-05-23,단일판매ㆍ공급계약체결,1,True,Mid,-0.045351679086925514,0.02864848537813603
HD KSOE(Hold),2019-08-26,단일판매ㆍ공급계약체결(자회사의 주요경영사항),2,False,Mid,0.1157268713404317,-0.015713992504224825
HD KSOE(Hold),2019-09-02,단일판매ㆍ공급계약체결(자회사의 주요경영사항),1,False,Mid,0.11419447044676481,0.0001815073938306773
HD KSOE(Hold),2019-09-06,단일판매ㆍ공급계약체결(자회사의 주요경영사항),1,False,Mid,0.031477944160049065,0.03868916292388645
HD KSOE(Hold),2019-09-09,단일판매ㆍ공급계약체결(자회사의 주요경영사항),1,False,Mid,0.05200184802482925,-0.001158174831578835
HD KSOE(Hold),2019-09-24,단일판매ㆍ공급계약체결(자회사의 주요경영사항),1,False,Mid,0.036419235598149614,0.006982799797053185
HD KSOE(Hold),2019-10-10,단일판매ㆍ공급계약체결(자회사의 주요경영사항),2,False,Mid,0.03764535028867405,0.008423292365479151
HD KSOE(Hold),2019-12-06,단일판매ㆍ공급계약체결(자회사의 주요경영사항),1,False,Mid,0.08395084574854506,-0.030399068578875445
HD KSOE(Hold),2019-12-18,단일판매ㆍ공급계약체결(자회사의 주요경영사항),1,False,Low,-0.02944702334761303,0.004841676320259192
HD KSOE(Hold),2019-12-19,단일판매ㆍ공급계약체결(자회사의 주요경영사항),2,False,Low,-0.03914437617931631,0.007894114370373469
HD KSOE(Hold),2019-12-20,단일판매ㆍ공급계약체결(자회사의 주요경영사항),1,False,Low,-0.05003031651167224,0.0010475835151285192
HD KSOE(Hold),2019-12-26,단일판매ㆍ공급계약체결(자회사의 주요경영사항),1,False,Low,-0.02203074661064924,0.0009369963677398809
HD KSOE(Hold),2019-12-30,단일판매ㆍ공급계약체결(자회사의 주요경영사항),2,False,Low,-0.008553700786918457,0.01096288489618619
HD KSOE(Hold),2020-01-03,단일판매ㆍ공급계약체결(자회사의 주요경영사항),2,False,Low,0.004843440870445702,0.029957461138370757
HD KSOE(Hold),2020-01-21,단일판매ㆍ공급계약체결(자회사의 주요경영사항),1,True,Low,-0.05475714184314333,-0.009995493411282978
HD KSOE(Hold),2020-03-16,단일판매ㆍ공급계약체결(자회사의 주요경영사항),1,True,Mid,-0.07547035717687849,0.05488509076328987
HD KSOE(Hold),2020-05-07,단일판매ㆍ공급계약체결(자회사의 주요경영사항),1,True,Low,-0.005038440535760053,-0.022306025926070533
HD KSOE(Hold),2020-07-31,단일판매ㆍ공급계약체결(자회사의 주요경영사항),2,False,Mid,-0.04828157001453972,-0.041469783318560945
HD KSOE(Hold),2020-08-13,단일판매ㆍ공급계약체결(자회사의 주요경영사항),1,False,Mid,-0.08074070472069172,0.058505832205100895
HD KSOE(Hold),2020-08-25,단일판매ㆍ공급계약체결(자회사의 주요경영사항),1,False,Mid,0.046848949947755215,-0.0028254750276501574
HD KSOE(Hold),2020-09-29,단일판매ㆍ공급계약체결(자회사의 주요경영사항),1,True,Mid,0.0035358235516056748,0.019187338475304797
HD KSOE(Hold),2020-11-02,단일판매ㆍ공급계약체결(자회사의 주요경영사항),1,False,Low,0.05456892239734813,-0.008883873589442072
HD KSOE(Hold),2020-11-09,단일판매ㆍ공급계약체결(자회사의 주요경영사항),1,False,Low,0.002678602963434742,0.10223359385502923
HD KSOE(Hold),2020-11-17,단일판매ㆍ공급계약체결(자회사의 주요경영사항),2,False,Mid,0.10220697272069902,0.006510091920781764
HD KSOE(Hold),2020-12-14,단일판매ㆍ공급계약체결(자회사의 주요경영사항),1,False,Mid,-0.009604483902880344,0.0022954201050477754
HD KSOE(Hold),2020-12-15,단일판매ㆍ공급계약체결(자회사의 주요경영사항),3,False,Mid,0.010004391169329468,-0.01363346945050822
HD KSOE(Hold),2020-12-16,단일판매ㆍ공급계약체결(자회사의 주요경영사항),1,False,Mid,0.002767421978437764,0.01583099365753535
HD KSOE(Hold),2020-12-21,단일판매ㆍ공급계약체결(자회사의 주요경영사항),3,False,Mid,0.03426202307094494,0.0373181523630767
HD KSOE(Hold),2020-12-22,단일판매ㆍ공급계약체결(자회사의 주요경영사항),1,False,Mid,0.07388292187878907,-0.009980682776051606
HD KSOE(Hold),2020-12-23,단일판매ㆍ공급계약체결(자회사의 주요경영사항),2,False,Mid,0.0791152801585563,-0.047465057118999
HD KSOE(Hold),2021-01-05,단일판매ㆍ공급계약체결(자회사의 주요경영사항),2,False,High,-0.061770468624536105,0.06472123476562694
HD KSOE(Hold),2021-01-11,단일판매ㆍ공급계약체결(자회사의 주요경영사항),1,False,High,-0.10648775181871589,-0.005644610425313449
HD KSOE(Hold),2021-01-12,단일판매ㆍ공급계약체결(자회사의 주요경영사항),1,False,High,-0.1033290605969121,0.011929281630378345
HD KSOE(Hold),2021-01-27,단일판매ㆍ공급계약체결(자회사의 주요경영사항),1,False,High,-0.07901661171956358,-0.0387106025481133
HD KSOE(Hold),2021-02-10,단일판매ㆍ공급계약체결(자회사의 주요경영사항),1,False,Mid,-0.0036490621169540834,0.0353735665707907
HD KSOE(Hold),2021-02-22,단일판매ㆍ공급계약체결(자회사의 주요경영사항),1,False,Mid,0.08521697698721031,0.08668424431774552
HD KSOE(Hold),2021-03-08,단일판매ㆍ공급계약체결(자회사의 주요경영사항),1,False,Mid,0.08020961001257812,0.10456336747080934
HD KSOE(Hold),2021-03-09,단일판매ㆍ공급계약체결(자회사의 주요경영사항),1,False,Mid,0.13060307263815715,0.062021948477721286
HD KSOE(Hold),2021-03-15,단일판매ㆍ공급계약체결(자회사의 주요경영사항),2,False,Mid,0.0753542006490924,0.03345336935935046
HD KSOE(Hold),2021-03-26,단일판매ㆍ공급계약체결(자회사의 주요경영사항),1,False,Mid,0.057434740599562814,0.12140601654395972
HD KSOE(Hold),2021-04-01,단일판매ㆍ공급계약체결(자회사의 주요경영사항),1,False,Mid,0.1397637595190951,-0.03155919164130529
HD KSOE(Hold),2021-04-12,단일판매ㆍ공급계약체결(자회사의 주요경영사항),1,False,Mid,-0.05415175642915874,0.026088107143534954
HD KSOE(Hold),2021-04-16,단일판매ㆍ공급계약체결(자회사의 주요경영사항),1,False,Mid,0.018923181590917507,0.04167200901939146
HD KSOE(Hold),2021-04-19,단일판매ㆍ공급계약체결(자회사의 주요경영사항),1,False,Mid,0.020883286944451865,0.008648454406850808
HD KSOE(Hold),2021-04-23,단일판매ㆍ공급계약체결(자회사의 주요경영사항),1,False,Mid,0.0730815922692517,0.05705462923484461
HD KSOE(Hold),2021-04-29,단일판매ㆍ공급계약체결(자회사의 주요경영사항),2,False,Mid,0.11723936566409832,0.04344414874214651
HD KSOE(Hold),2021-05-03,단일판매ㆍ공급계약체결(자회사의 주요경영사항),1,False,High,0.13994820696149066,-0.02200827899113127
HD KSOE(Hold),2021-05-11,단일판매ㆍ공급계약체결(자회사의 주요경영사항),1,False,Mid,0.10246540738667538,-0.004790132849159214
HD KSOE(Hold),2021-06-01,단일판매ㆍ공급계약체결(자회사의 주요경영사항),1,False,Mid,-0.05310542571477796,0.042322155476144104
HD KSOE(Hold),2021-06-03,단일판매ㆍ공급계약체결(자회사의 주요경영사항),1,False,Mid,-0.04217183661530091,-0.038860743491561205
HD KSOE(Hold),2021-06-21,단일판매ㆍ공급계약체결(자회사의 주요경영사항),2,False,Mid,-0.10122578440093656,0.019032127406513718
HD KSOE(Hold),2021-06-29,단일판매ㆍ공급계약체결(자회사의 주요경영사항),1,False,Mid,-0.04145847593502161,-0.014788267524542157
HD KSOE(Hold),2021-07-01,단일판매ㆍ공급계약체결(자회사의 주요경영사항),1,False,Mid,-0.036472480016841134,0.01514513647861722
HD KSOE(Hold),2021-07-02,단일판매ㆍ공급계약체결(자회사의 주요경영사항),1,False,Mid,-0.024430748988782853,0.003471203696599725
HD KSOE(Hold),2021-07-14,단일판매ㆍ공급계약체결(자회사의 주요경영사항),2,False,Mid,-0.05518020946722716,-0.006528641450767722
HD KSOE(Hold),2021-07-15,단일판매ㆍ공급계약체결(자회사의 주요경영사항),1,False,Mid,-0.0457656574289227,-0.017278868176907606
HD KSOE(Hold),2021-07-23,단일판매ㆍ공급계약체결(자회사의 주요경영사항),3,False,Mid,0.01780559124292031,0.02696517395495119
HD KSOE(Hold),2021-08-06,단일판매ㆍ공급계약체결(자회사의 주요경영사항),1,False,Low,0.0002923723070194263,-0.03459029408395502
HD KSOE(Hold),2021-08-24,단일판매ㆍ공급계약체결(자회사의 주요경영사항),2,False,Mid,-0.05730163972480888,0.006768670830296725
HD KSOE(Hold),2021-09-03,단일판매ㆍ공급계약체결(자회사의 주요경영사항),1,False,Mid,0.0033183625774845273,-0.009793357738795236
HD KSOE(Hold),2021-10-18,단일판매ㆍ공급계약체결(자회사의 주요경영사항),1,False,Mid,-0.02905888406068645,-0.009983053452407695
HD KSOE(Hold),2021-10-25,단일판매ㆍ공급계약체결(자회사의 주요경영사항),1,False,Mid,-0.02324451195075804,0.05952409117917031
HD KSOE(Hold),2021-11-05,단일판매ㆍ공급계약체결(자회사의 주요경영사항),2,False,Mid,0.05744476821139938,0.013290706291414947
HD KSOE(Hold),2021-11-09,단일판매ㆍ공급계약체결(자회사의 주요경영사항),1,False,Mid,0.03348206080845772,-0.022083377434955635
HD KSOE(Hold),2021-12-28,단일판매ㆍ공급계약체결(자회사의 주요경영사항),1,False,Low,-0.04791552146041459,0.033221165656751026
HD KSOE(Hold),2022-01-04,단일판매ㆍ공급계약체결(자회사의 주요경영사항),2,False,Mid,-0.0423740590740303,0.06054260194879874
HD KSOE(Hold),2022-01-10,단일판매ㆍ공급계약체결(자회사의 주요경영사항),2,False,Mid,0.09008237410612294,0.006120047971742631
HD KSOE(Hold),2022-01-17,단일판매ㆍ공급계약체결(자회사의 주요경영사항),1,False,Mid,0.05700477734250918,-0.04810760432140017
HD KSOE(Hold),2022-01-27,단일판매ㆍ공급계약체결(자회사의 주요경영사항),1,False,Low,-0.09921530493372777,0.007670168391353541
HD KSOE(Hold),2022-02-09,단일판매ㆍ공급계약체결(자회사의 주요경영사항),1,False,Low,-0.027070600807881994,0.0028491978950427425
HD KSOE(Hold),2022-02-21,단일판매ㆍ공급계약체결(자회사의 주요경영사항),1,False,Low,0.0217917041235609,0.006509394180104888
HD KSOE(Hold),2022-02-28,단일판매ㆍ공급계약체결(자회사의 주요경영사항),1,False,Mid,0.08470663743521377,0.036365000508073314
HD KSOE(Hold),2022-03-03,단일판매ㆍ공급계약체결(자회사의 주요경영사항),1,False,Mid,0.1123857605353963,0.014499119648757993
HD KSOE(Hold),2022-03-31,단일판매ㆍ공급계약체결(자회사의 주요경영사항),1,False,High,-0.04252490190317375,-0.030096517491770326
HD KSOE(Hold),2022-04-01,단일판매ㆍ공급계약체결(자회사의 주요경영사항),1,False,High,-0.021298061312693697,-0.024372330313891827
HD KSOE(Hold),2022-04-15,단일판매ㆍ공급계약체결(자회사의 주요경영사항),2,False,High,0.06216047793083966,0.034800205163711136
HD KSOE(Hold),2022-04-21,단일판매ㆍ공급계약체결(자회사의 주요경영사항),1,False,High,0.13906705529136276,0.00300789140848127
HD KSOE(Hold),2022-04-26,단일판매ㆍ공급계약체결(자회사의 주요경영사항),1,False,High,0.14889981789366902,-0.005430680684858018
HD KSOE(Hold),2022-05-17,단일판매ㆍ공급계약체결(자회사의 주요경영사항),2,True,High,0.051625668931999075,-0.034370828915869296
HD KSOE(Hold),2022-06-03,단일판매ㆍ공급계약체결(자회사의 주요경영사항),1,False,High,-0.000999306566153775,0.052373087076045835
HD KSOE(Hold),2022-06-07,단일판매ㆍ공급계약체결(자회사의 주요경영사항),1,False,High,0.025243109165745445,0.048182990409404214
HD KSOE(Hold),2022-06-08,단일판매ㆍ공급계약체결(자회사의 주요경영사항),1,False,High,0.06262680896169785,0.011860660511061681
HD KSOE(Hold),2022-06-15,단일판매ㆍ공급계약체결(자회사의 주요경영사항),1,False,High,0.04782425181441768,0.001863155009715347
HD KSOE(Hold),2022-06-27,단일판매ㆍ공급계약체결(자회사의 주요경영사항),1,False,High,0.06157980043438545,0.015122455218015092
HD KSOE(Hold),2022-07-07,단일판매ㆍ공급계약체결(자회사의 주요경영사항),2,False,High,-0.043044232463291726,-0.01344817226446287
HD KSOE(Hold),2022-08-10,단일판매ㆍ공급계약체결(자회사의 주요경영사항),1,True,High,0.05369176635781151,0.023523064591370296
HD KSOE(Hold),2022-09-05,단일판매ㆍ공급계약체결(자회사의 주요경영사항),1,False,High,0.02855997333792446,0.010948416057277519
HD KSOE(Hold),2022-09-14,단일판매ㆍ공급계약체결(자회사의 주요경영사항),1,False,High,-0.09940773018765098,-0.0014135614553654882
HD KSOE(Hold),2022-10-05,단일판매ㆍ공급계약체결(자회사의 주요경영사항),2,False,Mid,-0.013978448688816082,0.0310971460620985
HD KSOE(Hold),2022-10-11,단일판매ㆍ공급계약체결(자회사의 주요경영사항),1,False,Mid,-0.027261868346888964,-0.02352449837142941
HD KSOE(Hold),2022-11-11,단일판매ㆍ공급계약체결(자회사의 주요경영사항),1,True,Low,0.0063169119299452195,-0.017926719295123156
HD KSOE(Hold),2022-12-01,단일판매ㆍ공급계약체결(자회사의 주요경영사항),1,False,Low,-0.018043107059979167,-0.03976993934803069
HD KSOE(Hold),2022-12-09,단일판매ㆍ공급계약체결(자회사의 주요경영사항),1,False,Low,-0.035640809090007025,0.009599322467760182
HD KSOE(Hold),2022-12-14,단일판매ㆍ공급계약체결(자회사의 주요경영사항),1,False,Low,-0.004180153173182972,-0.01579570861588999
HD KSOE(Hold),2022-12-22,단일판매ㆍ공급계약체결(자회사의 주요경영사항),1,False,Low,0.0034834582231821065,0.002649332804819167
HD KSOE(Hold),2023-01-17,단일판매ㆍ공급계약체결(자회사의 주요경영사항),1,False,Mid,0.0015994171764921877,-0.001390141337253772
HD KSOE(Hold),2023-01-19,단일판매ㆍ공급계약체결(자회사의 주요경영사항),1,False,Mid,-0.037084847556559074,0.0017184363703202366
HD KSOE(Hold),2023-01-20,단일판매ㆍ공급계약체결(자회사의 주요경영사항),1,False,Mid,-0.025985435012866077,-0.0074177911314282155
HD KSOE(Hold),2023-02-01,단일판매ㆍ공급계약체결(자회사의 주요경영사항),1,False,Mid,0.012727516525715545,-0.021237390843000033
HD KSOE(Hold),2023-02-14,단일판매ㆍ공급계약체결(자회사의 주요경영사항),1,False,Mid,0.0863113987774738,0.016727674000759966
HD KSOE(Hold),2023-02-17,단일판매ㆍ공급계약체결(자회사의 주요경영사항),1,False,Mid,0.06516678787462392,-0.01618581741215494
HD KSOE(Hold),2023-02-22,단일판매ㆍ공급계약체결(자회사의 주요경영사항),1,False,Mid,0.05161934707447595,0.013147296889500783
HD KSOE(Hold),2023-03-02,단일판매ㆍ공급계약체결(자회사의 주요경영사항),1,False,High,-0.01048702533686438,-0.01503896453885013
HD KSOE(Hold),2023-03-20,단일판매ㆍ공급계약체결(자회사의 주요경영사항)(현대중공업주식회사),1,False,High,-0.0875606016811109,0.02622200292208607
HD KSOE(Hold),2023-03-29,단일판매ㆍ공급계약체결(자회사의 주요경영사항)(현대삼호중공업),1,False,High,0.0031564175856020164,0.002082036874706504
HD KSOE(Hold),2023-04-13,단일판매ㆍ공급계약체결(자회사의 주요경영사항)(현대삼호중공업),1,True,High,-0.009951455515096182,0.045794555926400936
HD KSOE(Hold),2023-05-02,단일판매ㆍ공급계약체결(자회사의 주요경영사항),3,True,High,0.05085840235251118,-0.010822845621142864
HD KSOE(Hold),2023-06-01,단일판매ㆍ공급계약체결(자회사의 주요경영사항),1,True,Mid,0.06592469144713393,0.017635045720238378
HD KSOE(Hold),2023-07-03,단일판매ㆍ공급계약체결(자회사의 주요경영사항),2,False,Mid,0.048655355028301414,0.009490919925934621
HD KSOE(Hold),2023-07-07,단일판매ㆍ공급계약체결(자회사의 주요경영사항),1,False,High,0.039635801398529916,0.02622171032562136
HD KSOE(Hold),2023-08-03,단일판매ㆍ공급계약체결(자회사의 주요경영사항),1,True,Mid,-0.04813827134463837,-0.0040592677028228105
HD KSOE(Hold),2023-08-21,단일판매ㆍ공급계약체결(자회사의 주요경영사항),1,True,Mid,-0.025788241462847812,-0.015793595239846588
HD KSOE(Hold),2023-09-07,단일판매ㆍ공급계약체결(자회사의 주요경영사항),2,True,Mid,0.02322311739840979,-0.004165650099108221
HD KSOE(Hold),2023-10-26,단일판매ㆍ공급계약체결(자회사의 주요경영사항),1,False,High,-0.04026668913804937,-0.03025605564353827
HD KSOE(Hold),2023-10-30,단일판매ㆍ공급계약체결(자회사의 주요경영사항),1,False,Mid,-0.018730332269491605,-0.04196190735347821
HD KSOE(Hold),2023-11-10,단일판매ㆍ공급계약체결(자회사의 주요경영사항),1,False,Mid,-0.05067373980333874,-0.01899770648050466
HD KSOE(Hold),2023-11-14,단일판매ㆍ공급계약체결(자회사의 주요경영사항),1,False,Mid,-0.024825610249111042,0.0057944710744694435
HD KSOE(Hold),2023-11-17,단일판매ㆍ공급계약체결(자회사의 주요경영사항),1,False,Mid,-0.007638842177483757,0.014181239548462496
HD KSOE(Hold),2023-12-01,단일판매ㆍ공급계약체결(자회사의 주요경영사항),1,False,Mid,0.09242355641801345,0.029952897581839003
HD KSOE(Hold),2023-12-15,단일판매ㆍ공급계약체결(자회사의 주요경영사항),1,False,Low,0.0043293294397558895,-0.026492617354240137
HD KSOE(Hold),2024-01-05,단일판매ㆍ공급계약체결(자회사의 주요경영사항),1,False,Low,-0.018872794133403852,0.003454904896267706
HD KSOE(Hold),2024-01-08,단일판매ㆍ공급계약체결(자회사의 주요경영사항),1,False,Low,-0.01428447871294293,0.003621490252414157
HD KSOE(Hold),2024-01-10,단일판매ㆍ공급계약체결(자회사의 주요경영사항),1,False,Low,0.005393269982958856,-0.01404808757469165
HD KSOE(Hold),2024-01-15,단일판매ㆍ공급계약체결(자회사의 주요경영사항),1,False,Mid,-0.05071256277799352,0.009540318568565385
HD KSOE(Hold),2024-01-18,단일판매ㆍ공급계약체결(자회사의 주요경영사항),1,False,Low,-0.039034465100182346,0.06766120314566142
HD KSOE(Hold),2024-01-22,단일판매ㆍ공급계약체결(자회사의 주요경영사항),1,False,Mid,0.04885427286701921,-0.003516924123990371
HD KSOE(Hold),2024-01-29,단일판매ㆍ공급계약체결(자회사의 주요경영사항),1,False,Low,0.0707515300642968,-0.05231435128337503
HD KSOE(Hold),2024-01-31,단일판매ㆍ공급계약체결(자회사의 주요경영사항),2,False,Low,0.008795699175273241,0.007368147637603316
HD KSOE(Hold),2024-02-20,단일판매ㆍ공급계약체결(자회사의 주요경영사항)              ,1,False,Low,-0.022006507822240128,0.001938128380239823
HD KSOE(Hold),2024-02-26,단일판매ㆍ공급계약체결(자회사의 주요경영사항)              ,1,False,Low,-0.08610338236288442,0.004360474186876941
HD KSOE(Hold),2024-02-28,단일판매ㆍ공급계약체결(자회사의 주요경영사항)              ,1,False,Low,-0.04252676634125853,-0.02591744654132152
HD KSOE(Hold),2024-03-06,단일판매ㆍ공급계약체결(자회사의 주요경영사항)              ,1,False,Low,-0.07889490839347606,0.027783194704603786
HD KSOE(Hold),2024-03-12,단일판매ㆍ공급계약체결(자회사의 주요경영사항)              ,1,False,Mid,-0.019753653023537238,-0.02817508058555772
HD KSOE(Hold),2024-03-18,단일판매ㆍ공급계약체결(자회사의 주요경영사항)              ,1,False,Mid,0.07597633445649177,0.006505232551095063
HD KSOE(Hold),2024-04-09,단일판매ㆍ공급계약체결(자회사의 주요경영사항)              ,1,False,High,-0.05512564353636025,-0.017341693894475357
HD KSOE(Hold),2024-04-17,단일판매ㆍ공급계약체결(자회사의 주요경영사항)              ,1,False,High,-0.028965174951895677,0.05530182489872722
HD KSOE(Hold),2024-05-03,단일판매ㆍ공급계약체결(자회사의 주요경영사항)              ,1,True,High,0.0916492969030257,0.0012060719358309487
HD KSOE(Hold),2024-07-02,단일판매ㆍ공급계약체결(자회사의 주요경영사항)              ,1,False,Mid,0.12527837850240306,-0.017200323909548842
HD KSOE(Hold),2024-07-04,단일판매ㆍ공급계약체결(자회사의 주요경영사항)              ,1,False,Mid,0.07222224395045322,-0.03184868559379936
HD KSOE(Hold),2024-07-08,단일판매ㆍ공급계약체결(자회사의 주요경영사항)              ,1,False,Mid,-0.006170240818777144,0.02251289636743934
HD KSOE(Hold),2024-07-15,단일판매ㆍ공급계약체결(자회사의 주요경영사항)              ,2,False,Mid,0.01863836115211886,0.07095841674547548
HD KSOE(Hold),2024-09-27,단일판매ㆍ공급계약체결(자회사의 주요경영사항)              ,1,False,Mid,0.07002009444980603,-0.02518609912948787
HD KSOE(Hold),2024-10-02,단일판매ㆍ공급계약체결(자회사의 주요경영사항)              ,1,False,High,0.018265468718524698,-0.003713567362998234
HD KSOE(Hold),2024-10-15,단일판매ㆍ공급계약체결(자회사의 주요경영사항)              ,1,False,High,-0.07735750174325293,0.029096513221852433
HD KSOE(Hold),2024-11-07,단일판매ㆍ공급계약체결(자회사의 주요경영사항)              ,1,False,Mid,-0.06940255924704271,0.04022715006275377
HD KSOE(Hold),2024-11-18,단일판매ㆍ공급계약체결(자회사의 주요경영사항)              ,1,False,High,0.08263878212570949,0.019288731625678235
HD KSOE(Hold),2024-11-29,단일판매ㆍ공급계약체결(자회사의 주요경영사항)              ,1,False,Mid,0.027359477735984534,-0.06167160395243598
HD KSOE(Hold),2025-01-20,단일판매ㆍ공급계약체결(자회사의 주요경영사항)              ,1,False,Mid,0.023848954183355954,0.016629210079171987
HD KSOE(Hold),2025-01-23,단일판매ㆍ공급계약체결(자회사의 주요경영사항)              ,1,False,Mid,-0.015138979877461413,-0.05332924668051983
HD KSOE(Hold),2025-03-04,단일판매ㆍ공급계약체결(자회사의 주요경영사항)              ,1,True,Mid,-0.05988210960338422,0.14897912252890616
HD KSOE(Hold),2025-04-02,단일판매ㆍ공급계약체결(자회사의 주요경영사항)              ,1,False,High,-0.0728641776349498,0.02768164722630941
HD KSOE(Hold),2025-04-03,단일판매ㆍ공급계약체결(자회사의 주요경영사항)              ,1,False,High,-0.040628518194494784,0.0010764594831022128
HD KSOE(Hold),2025-04-25,단일판매ㆍ공급계약체결(자회사의 주요경영사항)              ,1,False,High,0.09482889550873962,0.049728409058654235
HD KSOE(Hold),2025-04-28,단일판매ㆍ공급계약체결(자회사의 주요경영사항)              ,1,False,High,0.1064257992842518,0.0003228612402403786
HD KSOE(Hold),2025-05-07,단일판매ㆍ공급계약체결(자회사의 주요경영사항)              ,1,False,High,0.1263859487189416,0.020053864817902167
HD KSOE(Hold),2025-05-30,단일판매ㆍ공급계약체결(자회사의 주요경영사항)              ,1,False,High,0.003891109341239242,0.008722609171996559
HD KSOE(Hold),2025-06-10,단일판매ㆍ공급계약체결(자회사의 주요경영사항)              ,1,False,High,-0.022460096445277748,0.020763299349851997
HD KSOE(Hold),2025-06-23,단일판매ㆍ공급계약체결(자회사의 주요경영사항)              ,1,False,Mid,0.045612690154926146,0.005986051083670795
HD KSOE(Hold),2025-06-27,단일판매ㆍ공급계약체결(자회사의 주요경영사항)              ,1,False,Mid,-0.03196625539478415,0.004078189524307925
HD KSOE(Hold),2025-07-08,단일판매ㆍ공급계약체결(자회사의 주요경영사항)              ,2,False,Mid,-0.21937980201766008,0.005869368392146919
HD KSOE(Hold),2025-09-04,단일판매ㆍ공급계약체결(자회사의 주요경영사항)              ,1,False,Low,0.134819812281074,0.031947830034369226
HD KSOE(Hold),2025-09-08,단일판매ㆍ공급계약체결(자회사의 주요경영사항)              ,1,False,Low,0.14655263555198514,-0.05533366887019474
HD KSOE(Hold),2025-09-15,단일판매ㆍ공급계약체결(자회사의 주요경영사항)              ,1,False,Low,-0.059425794786403835,-0.020999426413606984
HD KSOE(Hold),2025-10-20,단일판매ㆍ공급계약체결(자회사의 주요경영사항)              ,1,False,Mid,-0.08428459078375074,0.014755801644298946
HD KSOE(Hold),2025-10-30,단일판매ㆍ공급계약체결(자회사의 주요경영사항)              ,1,False,Mid,-0.0631900325630825,0.01377396653133843
HD KSOE(Hold),2025-11-10,단일판매ㆍ공급계약체결(자회사의 주요경영사항)              ,1,False,Mid,-0.09670229725117413,-0.03907126888678896
HD KSOE(Hold),2025-11-18,단일판매ㆍ공급계약체결(자회사의 주요경영사항)              ,1,False,Mid,-0.08604859606060349,-0.007373913556837466
HD KSOE(Hold),2025-11-21,단일판매ㆍ공급계약체결(자회사의 주요경영사항)              ,1,False,Mid,0.017942344525709267,0.03799708096711649
HD KSOE(Hold),2025-11-24,단일판매ㆍ공급계약체결(자회사의 주요경영사항)              ,2,False,Mid,0.013661804368762263,-0.004723402683021134
HD KSOE(Hold),2025-12-02,단일판매ㆍ공급계약체결(자회사의 주요경영사항)              ,1,False,Mid,-0.05555876979210686,0.015558132139187456
HD KSOE(Hold),2025-12-19,단일판매ㆍ공급계약체결(자회사의 주요경영사항)              ,1,False,Mid,-0.031214273313862066,-0.008396205260591233
HD KSOE(Hold),2025-12-24,단일판매ㆍ공급계약체결(자회사의 주요경영사항)              ,1,False,Mid,-0.038977762777590935,-0.07363460447564227
HD KSOE(Hold),2025-12-26,단일판매ㆍ공급계약체결(자회사의 주요경영사항)              ,1,False,Mid,-0.06548705067352753,-0.04286592143273597
HD KSOE(Hold),2026-01-06,단일판매ㆍ공급계약체결(자회사의 주요경영사항)              ,1,False,Mid,-0.15687938067246762,0.018178881678430847
HD KSOE(Hold),2026-01-16,단일판매ㆍ공급계약체결(자회사의 주요경영사항)              ,1,False,Mid,-0.058102461367094904,-0.014193411271503675
HD KSOE(Hold),2026-01-20,단일판매ㆍ공급계약체결(자회사의 주요경영사항)              ,1,False,Mid,0.001548853146122138,-0.03889446011210173
HD KSOE(Hold),2026-02-02,단일판매ㆍ공급계약체결(자회사의 주요경영사항)              ,1,False,Mid,-0.14310484459449566,-0.006784488514303105
HD KSOE(Hold),2026-02-26,단일판매ㆍ공급계약체결(자회사의 주요경영사항)              ,1,False,Mid,-0.016463869003371,-0.06611275673689006
HD KSOE(Hold),2026-02-27,단일판매ㆍ공급계약체결(자회사의 주요경영사항)              ,1,False,Mid,-0.03283800545640052,0.05781095341268047
HD KSOE(Hold),2026-03-05,단일판매ㆍ공급계약체결(자회사의 주요경영사항)              ,1,False,High,0.029395017890295756,-0.034531982839875824
HD KSOE(Hold),2026-03-06,단일판매ㆍ공급계약체결(자회사의 주요경영사항)              ,1,False,High,0.004335413930727429,0.038940961961483604
HD KSOE(Hold),2026-03-10,단일판매ㆍ공급계약체결(자회사의 주요경영사항)              ,1,False,High,-0.029569334968262077,-0.017952765271874657
HD KSOE(Hold),2026-03-16,단일판매ㆍ공급계약체결(자회사의 주요경영사항)              ,1,False,High,0.05483469086384603,-0.01754592880304327
HD KSOE(Hold),2026-04-03,단일판매ㆍ공급계약체결(자회사의 주요경영사항)              ,2,False,High,-0.07731884324676641,0.02318703335084825
HD KSOE(Hold),2026-04-08,단일판매ㆍ공급계약체결(자회사의 주요경영사항)              ,1,False,High,-0.004459495791383506,-0.00848385764803157
HD KSOE(Hold),2026-04-16,단일판매ㆍ공급계약체결(자회사의 주요경영사항)              ,1,False,High,-0.019153482896019224,0.029338803604092252
HD KSOE(Hold),2026-04-17,단일판매ㆍ공급계약체결(자회사의 주요경영사항)              ,1,False,High,-0.00016388194520550528,0.012787456706453537
HD KSOE(Hold),2026-04-22,단일판매ㆍ공급계약체결(자회사의 주요경영사항)              ,2,False,High,0.005051681220744862,0.06715201984336866
HD KSOE(Hold),2026-05-04,단일판매ㆍ공급계약체결(자회사의 주요경영사항)              ,1,False,High,0.08226830167885843,-0.10898655525540923
HD KSOE(Hold),2026-05-08,단일판매ㆍ공급계약체결(자회사의 주요경영사항)              ,1,False,High,-0.03129872021071027,-0.01940494059344542
HD KSOE(Hold),2026-05-13,단일판매ㆍ공급계약체결(자회사의 주요경영사항)              ,1,False,High,-0.14940686892819086,-0.09231719356279361
HD KSOE(Hold),2026-05-14,단일판매ㆍ공급계약체결(자회사의 주요경영사항)              ,1,False,High,-0.16715014331794284,-0.06113916423703976
HD KSOE(Hold),2026-05-21,단일판매ㆍ공급계약체결(자회사의 주요경영사항)              ,1,False,High,-0.09232007529405542,-0.01828243593390035
HD KSOE(Hold),2026-06-01,단일판매ㆍ공급계약체결(자회사의 주요경영사항)              ,1,False,High,-0.07099162813025267,-0.12512949147836155
HD KSOE(Hold),2026-06-29,단일판매ㆍ공급계약체결(자회사의 주요경영사항)              ,1,False,High,-0.143287028319194,0.013705748239360105
HD KSOE(Hold),2026-07-01,단일판매ㆍ공급계약체결(자회사의 주요경영사항)              ,1,False,High,-0.1762069030085427,0.11700351339125023
HD KSOE(Hold),2026-07-09,단일판매ㆍ공급계약체결(자회사의 주요경영사항)              ,1,False,High,0.05865459747816348,-0.016318142252828384
HD KSOE(Hold),2026-07-13,단일판매ㆍ공급계약체결(자회사의 주요경영사항)              ,1,False,High,0.09620228884123203,0.026863444314548214
HD KSOE(Hold),2026-08-10,단일판매ㆍ공급계약체결(자회사의 주요경영사항)              ,1,False,High,0.13433319467447322,-0.005066481566971143
HD KSOE(Hold),2026-08-24,단일판매ㆍ공급계약체결(자회사의 주요경영사항)              ,1,False,High,-0.1699625749320055,0.059554823337987325
Samsung HI,2017-01-05,단일판매ㆍ공급계약체결,1,False,Low,-0.01783362318107482,0.062238678530590605
Samsung HI,2017-01-18,단일판매ㆍ공급계약체결,1,False,Mid,0.07955720747291659,-0.005804441178348066
Samsung HI,2017-05-02,단일판매ㆍ공급계약체결,1,False,High,0.0056794777389799975,-0.00745293080264272
Samsung HI,2017-05-15,단일판매ㆍ공급계약체결,1,False,High,-0.00033027838596915403,0.023874300549307906
Samsung HI,2017-06-02,단일판매ㆍ공급계약체결,1,True,Mid,0.06122569810147671,-0.03657774504775996
Samsung HI,2017-07-03,단일판매ㆍ공급계약체결,1,True,High,-0.08722689964707597,0.0013334767423517392
Samsung HI,2017-08-25,단일판매ㆍ공급계약체결,1,True,High,-0.05802762785293293,0.045352739934896406
Samsung HI,2017-09-26,단일판매ㆍ공급계약체결,1,True,High,0.01552304914173367,0.09523756721282076
Samsung HI,2017-11-29,단일판매ㆍ공급계약체결,1,True,Mid,-0.04067472719308739,0.011973208998738327
Samsung HI,2018-02-08,단일판매ㆍ공급계약체결,1,True,Mid,0.061685180045720336,0.0628816309479048
Samsung HI,2018-04-05,단일판매ㆍ공급계약체결,1,True,Mid,-0.05308454648815316,0.0417795450826241
Samsung HI,2018-06-01,단일판매ㆍ공급계약체결,1,True,Mid,0.017406582783700976,0.001322245467062928
Samsung HI,2018-06-29,단일판매ㆍ공급계약체결,1,True,Mid,0.07101168704608266,-0.0044208181188537705
Samsung HI,2018-07-23,단일판매ㆍ공급계약체결,1,True,Mid,-0.12337347145631043,0.00025153790092174305
Samsung HI,2018-08-17,단일판매ㆍ공급계약체결,1,False,Mid,0.0752071263054208,0.059015721655141844
Samsung HI,2018-08-20,단일판매ㆍ공급계약체결,1,False,Mid,0.06392114425022086,0.048591826679858986
Samsung HI,2018-09-28,단일판매ㆍ공급계약체결,1,False,Mid,0.023022885023320477,0.023938139750233862
Samsung HI,2018-10-01,단일판매ㆍ공급계약체결,1,False,Mid,0.038913613769874386,0.04284845231267594
Samsung HI,2018-10-15,단일판매ㆍ공급계약체결,1,False,Mid,0.059101301472684956,0.031969545603626505
Samsung HI,2018-12-07,단일판매ㆍ공급계약체결,1,False,Mid,-0.015136596770201705,0.00545165380579129
Samsung HI,2018-12-13,단일판매ㆍ공급계약체결,1,False,Mid,0.036382784869613896,0.09107290851930959
Samsung HI,2018-12-20,단일판매ㆍ공급계약체결,1,False,Mid,-0.00030904536631835844,-0.0057998815041699564
Samsung HI,2018-12-24,단일판매ㆍ공급계약체결,1,False,Mid,0.022269186741448302,-0.04927089308443226
Samsung HI,2019-01-02,단일판매ㆍ공급계약체결,1,False,Mid,-0.07917503848905026,0.03369160654201034
Samsung HI,2019-01-29,단일판매ㆍ공급계약체결,1,True,Mid,0.049273364073222234,0.01944714046083608
Samsung HI,2019-02-21,단일판매ㆍ공급계약체결,1,False,Low,-0.00794792959451531,0.03190876403724834
Samsung HI,2019-03-06,단일판매ㆍ공급계약체결,1,False,Mid,0.04600372428213327,-0.020236915582496535
Samsung HI,2019-03-22,단일판매ㆍ공급계약체결,1,True,Mid,-0.021920165208965985,-0.028274868508228808
Samsung HI,2019-04-22,단일판매ㆍ공급계약체결,1,False,Mid,-0.045892319229320036,-0.014994532536640747
Samsung HI,2019-05-03,단일판매ㆍ공급계약체결,1,False,Mid,-0.024751167766794688,-0.011454100639927378
Samsung HI,2019-06-07,단일판매ㆍ공급계약체결,1,True,Mid,0.013374040670955635,-0.018297918247506047
Samsung HI,2019-07-01,단일판매ㆍ공급계약체결,1,False,Mid,-0.004788905490761584,0.0088084726928884
Samsung HI,2019-07-11,단일판매ㆍ공급계약체결,1,False,Mid,-0.0501951247597621,0.007318473417165475
Samsung HI,2019-08-16,단일판매ㆍ공급계약체결,1,False,Mid,-0.01734494686318913,0.07004716563442338
Samsung HI,2019-08-19,단일판매ㆍ공급계약체결,1,False,Mid,-0.015066689309727564,0.09852806843233819
Samsung HI,2019-10-08,단일판매ㆍ공급계약체결,1,False,Mid,-0.03256228075484895,0.02217475159354696
Samsung HI,2019-10-10,단일판매ㆍ공급계약체결,1,False,Mid,-0.029089202047749757,-0.004364179519991919
Samsung HI,2019-11-25,단일판매ㆍ공급계약체결,1,False,Mid,-0.07931185424946904,0.0419885317130414
Samsung HI,2019-12-02,단일판매ㆍ공급계약체결,1,False,Mid,0.032788717999915305,-0.015507467943230342
Samsung HI,2020-03-02,단일판매ㆍ공급계약체결,1,True,Mid,0.03546843833700629,-0.0036366343837851197
Samsung HI,2020-04-14,단일판매ㆍ공급계약체결,1,True,Mid,0.05992957833816254,-0.020599742589220642
Samsung HI,2020-08-25,단일판매ㆍ공급계약체결,1,True,Mid,-0.0180209778032794,0.024616993883656634
Samsung HI,2020-11-17,단일판매ㆍ공급계약체결,1,False,Mid,0.1048486471599544,-0.05098922211312283
Samsung HI,2020-11-23,단일판매ㆍ공급계약체결,1,False,Mid,0.0900494182851456,0.09618998806023388
Samsung HI,2020-11-30,단일판매ㆍ공급계약체결,1,False,Mid,0.06772266410288207,0.030072443641909953
Samsung HI,2020-12-21,단일판매ㆍ공급계약체결,1,False,Mid,-0.010154809676230019,0.017608007486305165
Samsung HI,2020-12-22,단일판매ㆍ공급계약체결,1,False,Mid,0.030248878035253154,-0.025850768275089413
Samsung HI,2020-12-23,단일판매ㆍ공급계약체결,1,False,Mid,0.0069458124165336105,-0.05162255985401781
Samsung HI,2021-01-05,단일판매ㆍ공급계약체결,1,False,High,-0.025380840751288034,0.0021992483797247196
Samsung HI,2021-01-26,단일판매ㆍ공급계약체결,1,False,High,-0.03512345438886594,0.011873783575567077
Samsung HI,2021-02-04,단일판매ㆍ공급계약체결,1,False,High,-0.08158151092179884,-0.00044260896414723486
Samsung HI,2021-02-15,단일판매ㆍ공급계약체결,1,False,High,-0.011814908196496453,-0.00851287213806225
Samsung HI,2021-02-18,단일판매ㆍ공급계약체결,1,False,Mid,-0.020009972047452106,0.016798958063362998
Samsung HI,2021-03-09,단일판매ㆍ공급계약체결,1,True,Mid,0.03862871661768629,0.01817620213197081
Samsung HI,2021-03-26,단일판매ㆍ공급계약체결,1,True,Mid,0.08719249740313409,0.08467474661795635
Samsung HI,2021-05-31,단일판매ㆍ공급계약체결,1,False,Mid,-0.03032386460921033,0.0688039183100927
Samsung HI,2021-06-01,단일판매ㆍ공급계약체결,1,False,Mid,0.01901743693270124,0.05374377475492819
Samsung HI,2021-07-05,단일판매ㆍ공급계약체결,1,True,Mid,0.043868499275939575,-0.016527126372776493
Samsung HI,2021-08-23,단일판매ㆍ공급계약체결,1,True,Mid,-0.10987864275725179,0.06657960663740771
Samsung HI,2021-09-16,단일판매ㆍ공급계약체결,1,False,Mid,0.06529924811298862,-0.008212144400736279
Samsung HI,2021-09-30,단일판매ㆍ공급계약체결,1,False,Mid,0.04036687181635996,0.014816438454936054
Samsung HI,2021-10-18,단일판매ㆍ공급계약체결,1,False,Mid,0.013896787356847042,-0.021689543248307887
Samsung HI,2021-10-25,단일판매ㆍ공급계약체결,1,False,Mid,-0.04639155931993101,-0.011323110491609256
Samsung HI,2021-12-07,단일판매ㆍ공급계약체결,2,False,Low,-0.030468311544841892,0.027985761455765402
Samsung HI,2021-12-10,단일판매ㆍ공급계약체결,1,False,Mid,0.008155646486174646,0.024279585400586823
Samsung HI,2021-12-27,단일판매ㆍ공급계약체결,1,True,Low,-0.019185388264492707,-0.005462252971594379
Samsung HI,2022-02-23,단일판매ㆍ공급계약체결,1,False,Low,0.032238142126239905,0.05136898639057558
Samsung HI,2022-03-11,단일판매ㆍ공급계약체결,1,False,Mid,0.053873732074933775,0.007194239655721258
Samsung HI,2022-03-28,단일판매ㆍ공급계약체결,1,False,High,-0.05004984026704295,-0.005327202741436586
Samsung HI,2022-04-01,단일판매ㆍ공급계약체결,1,False,High,0.015690217275612657,-0.0009964825764375903
Samsung HI,2022-04-19,단일판매ㆍ공급계약체결,1,True,High,0.11137614507292377,-0.004615737436354961
Samsung HI,2022-05-17,단일판매ㆍ공급계약체결,1,False,High,-0.04162409447726548,-0.030739809002653537
Samsung HI,2022-05-18,단일판매ㆍ공급계약체결,1,False,High,-0.05608630764279131,-0.018194979046382946
Samsung HI,2022-06-22,단일판매ㆍ공급계약체결,2,True,High,0.08947240336817128,0.00982881853066446
Samsung HI,2022-09-06,단일판매ㆍ공급계약체결,2,True,High,-0.01462415715341298,0.002364609714419659
Samsung HI,2022-10-19,단일판매ㆍ공급계약체결,1,True,Mid,-0.06438714055130489,0.013627413649630243
Samsung HI,2022-11-11,단일판매ㆍ공급계약체결,2,False,Low,-0.03146615154840077,-0.0006021431197991639
Samsung HI,2022-11-22,단일판매ㆍ공급계약체결,1,False,Low,-0.07088626867139017,0.023643396132135456
Samsung HI,2022-11-23,단일판매ㆍ공급계약체결,1,False,Low,-0.05178370598713759,-0.010589177205815098
Samsung HI,2022-11-29,단일판매ㆍ공급계약체결,1,False,Low,-0.05204881132077665,-0.00866792080276194
Samsung HI,2022-11-30,단일판매ㆍ공급계약체결,1,False,Low,-0.03979283598075893,-0.009299690464353904
Samsung HI,2022-12-22,단일판매ㆍ공급계약체결,1,False,Low,0.018040110779055235,0.014425155015710968
Samsung HI,2022-12-26,단일판매ㆍ공급계약체결,1,False,Mid,0.02319091554698703,-0.0030690164671731187
Samsung HI,2023-02-01,단일판매ㆍ공급계약체결,1,True,Mid,0.10217871971819552,-0.011323462249915501
Samsung HI,2023-04-03,단일판매ㆍ공급계약체결,1,True,High,0.02042643911642113,0.03819988404247034
Samsung HI,2023-06-02,단일판매ㆍ공급계약체결,1,False,Mid,0.0758002478464603,0.05161018961331461
Samsung HI,2023-06-13,단일판매ㆍ공급계약체결,1,False,High,0.040920913642916404,0.00894820918232711
Samsung HI,2023-07-17,단일판매ㆍ공급계약체결,1,True,Mid,0.20301241527991287,-0.007857037921140071
Samsung HI,2023-10-10,단일판매ㆍ공급계약체결,1,True,Mid,-0.13218780255172752,0.05971805515013179
Samsung HI,2023-12-14,단일판매ㆍ공급계약체결,1,False,Low,-0.03399359682624904,-0.00829071909156973
Samsung HI,2023-12-26,단일판매ㆍ공급계약체결,1,False,Low,-0.09063155709537121,0.00440748886880597
Samsung HI,2024-01-02,단일판매ㆍ공급계약체결,1,False,Mid,-0.07689938787507017,-0.02221738671647614
Samsung HI,2024-01-18,단일판매ㆍ공급계약체결,1,True,Low,-0.017744555510028008,0.04832377449644862
Samsung HI,2024-02-06,단일판매ㆍ공급계약체결              ,1,True,Low,-0.12307550391527601,0.007632580964381316
Samsung HI,2024-03-04,단일판매ㆍ공급계약체결              ,1,True,Low,0.07117574115847974,-0.02873046095970057
Samsung HI,2024-06-14,단일판매ㆍ공급계약체결              ,1,True,High,-0.09922800389661554,-0.0020569768851919582
Samsung HI,2024-07-01,단일판매ㆍ공급계약체결              ,1,True,Mid,0.0036653027989838275,0.0316424917614389
Samsung HI,2024-10-02,단일판매ㆍ공급계약체결              ,1,True,High,-0.018571919948255664,0.0076357157851247946
Samsung HI,2024-10-31,단일판매ㆍ공급계약체결              ,1,False,Mid,-0.05427524982493104,0.0038216236006098983
Samsung HI,2024-11-01,단일판매ㆍ공급계약체결              ,1,False,Mid,-0.0603185212427346,-0.02015126075969972
Samsung HI,2024-11-25,단일판매ㆍ공급계약체결              ,1,True,Mid,0.10067915785328238,-0.027546584337079842
Samsung HI,2024-12-26,단일판매ㆍ공급계약체결              ,1,True,Mid,0.061598308527941445,0.004728450970440574
Samsung HI,2025-01-20,단일판매ㆍ공급계약체결              ,1,True,Mid,0.12815774194141263,0.006822658678878508
Samsung HI,2025-03-17,단일판매ㆍ공급계약체결              ,1,False,Mid,-0.051962117510614504,0.0551899785362917
Samsung HI,2025-03-18,단일판매ㆍ공급계약체결              ,1,False,Mid,0.0031170867564644135,0.01673506961573555
Samsung HI,2025-04-08,단일판매ㆍ공급계약체결              ,1,True,High,-0.04745245824771377,0.034803654969190925
Samsung HI,2025-04-28,단일판매ㆍ공급계약체결              ,1,True,High,-0.056953033824368206,0.004303757475666019
Samsung HI,2025-07-07,단일판매ㆍ공급계약체결              ,1,False,Mid,-0.10953487003951622,0.07269251594535982
Samsung HI,2025-07-21,단일판매ㆍ공급계약체결              ,1,False,Mid,0.11062489598984625,0.041113140170804155
Samsung HI,2025-08-18,단일판매ㆍ공급계약체결              ,2,True,Low,-0.013577890982746255,0.010299594773096232
Samsung HI,2025-10-24,단일판매ㆍ공급계약체결              ,1,False,Mid,-0.014477364905713368,0.1561453189263799
Samsung HI,2025-11-07,단일판매ㆍ공급계약체결              ,1,False,Mid,0.03607449078588271,0.017587486358322395
Samsung HI,2025-11-20,단일판매ㆍ공급계약체결              ,1,False,Mid,-0.08249374119058722,0.015318537996311998
Samsung HI,2025-12-23,단일판매ㆍ공급계약체결              ,1,False,Mid,-0.04747245597641631,-0.018883199046749833
Samsung HI,2026-01-02,단일판매ㆍ공급계약체결              ,1,False,Mid,-0.10958276859606672,-0.043492236009512915
Samsung HI,2026-01-28,단일판매ㆍ공급계약체결              ,2,False,Mid,-0.04148323824499969,-0.045383404585048526
Samsung HI,2026-02-11,단일판매ㆍ공급계약체결              ,1,False,Mid,-0.13372682363099261,-0.03157157530784894
Samsung HI,2026-02-20,단일판매ㆍ공급계약체결              ,1,False,Mid,-0.08994379218871604,-0.01817071019176766
Samsung HI,2026-03-10,단일판매ㆍ공급계약체결              ,1,False,High,0.06718019360869189,-0.05766408468507476
Samsung HI,2026-03-20,단일판매ㆍ공급계약체결              ,1,False,High,0.014343078830516668,-0.029768210844465084
Samsung HI,2026-03-23,단일판매ㆍ공급계약체결              ,1,False,High,-0.000796285938840863,-0.04032080311509188
Samsung HI,2026-04-01,단일판매ㆍ공급계약체결              ,1,False,High,-0.07859606051734969,0.06432345256311153
Samsung HI,2026-05-04,단일판매ㆍ공급계약체결              ,1,False,High,0.07282176531722896,-0.11249683120295945
Samsung HI,2026-05-14,단일판매ㆍ공급계약체결              ,1,False,High,-0.21594180343062175,-0.020264497518142556
Samsung HI,2026-05-18,단일판매ㆍ공급계약체결              ,1,False,High,-0.21596384714230027,-0.0005748380042684288
Samsung HI,2026-05-27,단일판매ㆍ공급계약체결              ,3,False,High,-0.13582941315592487,-0.08389744745722041
Samsung HI,2026-06-02,단일판매ㆍ공급계약체결              ,1,False,High,-0.19789959658231268,0.04509468888218792
Samsung HI,2026-06-08,단일판매ㆍ공급계약체결              ,2,False,High,-0.1050002681878355,-0.06837914489837266
Samsung HI,2026-07-02,단일판매ㆍ공급계약체결              ,1,False,High,-0.13811126122667836,0.008752824530644986
Samsung HI,2026-07-08,단일판매ㆍ공급계약체결              ,1,False,High,-0.022092623985252142,-0.02878791532550749
Samsung HI,2026-08-03,단일판매ㆍ공급계약체결              ,1,True,High,-0.008563838571484766,0.04283005263126466
Samsung HI,2026-08-31,단일판매ㆍ공급계약체결              ,1,False,High,-0.024824895180394158,-0.01166404859272165
HD Mipo,2016-12-12,단일판매ㆍ공급계약체결,1,True,Mid,-0.007190717980181838,0.01672976522893115
HD Mipo,2017-02-06,단일판매ㆍ공급계약체결,1,True,Mid,-0.08437324298788498,0.02859040799928243
HD Mipo,2017-05-29,단일판매ㆍ공급계약체결,1,True,Mid,0.028479999846545,-0.0009101467756732614
HD Mipo,2017-08-28,단일판매ㆍ공급계약체결,1,True,High,-0.027698223515719794,0.019971825992903758
HD Mipo,2017-11-30,단일판매ㆍ공급계약체결,1,True,Mid,-0.023784299154274387,0.02491497593572534
HD Mipo,2018-04-25,단일판매ㆍ공급계약체결,1,True,Mid,-0.0846084767200368,0.06770809026918431
HD Mipo,2018-07-13,단일판매ㆍ공급계약체결,1,False,Mid,-0.038867318511033776,0.02025463563728446
HD Mipo,2018-07-18,단일판매ㆍ공급계약체결,1,False,Mid,-0.055698537520255345,-0.0006783242387481776
HD Mipo,2018-09-18,단일판매ㆍ공급계약체결,1,True,Mid,0.002175307891035042,-0.030218765587124868
HD Mipo,2018-12-06,단일판매ㆍ공급계약체결,1,True,Mid,0.005722031885722067,0.033689607994689015
HD Mipo,2018-12-24,단일판매ㆍ공급계약체결,1,True,Mid,0.09238456429895005,-0.0779525602006739
HD Mipo,2019-03-21,단일판매ㆍ공급계약체결,1,True,Mid,-0.051125955546375945,-0.02615106056971357
HD Mipo,2019-06-14,단일판매ㆍ공급계약체결,1,True,Mid,0.03390937621827597,-0.04992286932135738
HD Mipo,2019-07-01,단일판매ㆍ공급계약체결,1,False,Mid,-0.06378330741835139,-0.006430041794359203
HD Mipo,2019-07-11,단일판매ㆍ공급계약체결,1,False,Mid,-0.08446144818775225,0.010290806682032298
HD Mipo,2019-07-23,단일판매ㆍ공급계약체결,1,False,Mid,-0.0404640217522137,-0.00265122711889116
HD Mipo,2019-11-19,단일판매ㆍ공급계약체결,1,True,Mid,-0.012740783982024802,-0.014764885119248727
HD Mipo,2019-12-05,단일판매ㆍ공급계약체결,1,False,Mid,0.09618087175431689,0.02153027320988558
HD Mipo,2019-12-06,단일판매ㆍ공급계약체결,1,False,Mid,0.12715423860782596,-0.025828476536064397
HD Mipo,2019-12-20,단일판매ㆍ공급계약체결,1,False,Low,-0.00785517972126928,-0.0075572298964180565
HD Mipo,2019-12-26,단일판매ㆍ공급계약체결,1,False,Low,-0.02121946047066193,0.0027507018368812244
HD Mipo,2019-12-30,단일판매ㆍ공급계약체결,1,False,Low,-0.026343999482689444,0.0008605305856988366
HD Mipo,2020-01-21,단일판매ㆍ공급계약체결,1,True,Low,0.05044880071839191,-0.025968134415756447
HD Mipo,2020-05-28,단일판매ㆍ공급계약체결,1,True,Mid,0.10634517874803803,-0.009851109315221625
HD Mipo,2020-07-20,단일판매ㆍ공급계약체결,1,False,Mid,-0.03781730585418646,0.050940320277009
HD Mipo,2020-07-21,단일판매ㆍ공급계약체결,1,False,Mid,0.01179624860124991,0.0012317747651313694
HD Mipo,2020-08-03,단일판매ㆍ공급계약체결,1,False,Mid,-0.0166870090930607,-0.0379849222913439
HD Mipo,2020-08-21,단일판매ㆍ공급계약체결,1,True,Mid,0.028641738806924062,-0.013180518559653572
HD Mipo,2020-10-06,단일판매ㆍ공급계약체결,1,True,Mid,0.04022822914930553,-0.020847072811259616
HD Mipo,2020-11-25,단일판매ㆍ공급계약체결,1,False,Mid,0.18916339455309267,0.05945708187252705
HD Mipo,2020-12-03,단일판매ㆍ공급계약체결,1,False,Mid,0.09406394616116315,0.007684011556056091
HD Mipo,2021-01-25,단일판매ㆍ공급계약체결,1,False,High,-0.08025928959913087,-0.0034384611169544707
HD Mipo,2021-02-03,단일판매ㆍ공급계약체결,1,False,High,-0.051264570893144394,0.0024273435080032924
HD Mipo,2021-02-08,단일판매ㆍ공급계약체결,1,False,Mid,-0.0017417327537807732,0.06954534983989924
HD Mipo,2021-02-22,단일판매ㆍ공급계약체결,1,False,Mid,0.09668767046759262,0.048589201329201144
HD Mipo,2021-02-24,단일판매ㆍ공급계약체결,1,False,Mid,0.14076358133481223,0.0024220928984529794
HD Mipo,2021-03-31,단일판매ㆍ공급계약체결,1,False,Mid,0.06433708453949344,-0.028144841012207336
HD Mipo,2021-04-13,단일판매ㆍ공급계약체결,1,False,Mid,-0.0026693251556221473,-0.026285057995040776
HD Mipo,2021-05-24,단일판매ㆍ공급계약체결,2,False,Mid,-0.03917366944928117,0.019837228117778445
HD Mipo,2021-06-01,단일판매ㆍ공급계약체결,2,False,Mid,-0.07236402037767348,0.05081942965913721
HD Mipo,2021-06-07,단일판매ㆍ공급계약체결,1,False,Mid,-0.04618929087911955,-0.027423320111125783
HD Mipo,2021-06-21,단일판매ㆍ공급계약체결,1,False,Mid,-0.06236292308604102,0.0338209539594235
HD Mipo,2021-06-30,단일판매ㆍ공급계약체결,1,False,Mid,0.019870274088927626,-0.03128753495974297
HD Mipo,2021-07-01,단일판매ㆍ공급계약체결,2,False,Mid,-0.009915236793252563,0.012203881821720655
HD Mipo,2021-07-22,단일판매ㆍ공급계약체결,1,True,Mid,-0.06682095659853453,-0.0037518266134017623
HD Mipo,2021-08-23,단일판매ㆍ공급계약체결,1,True,Mid,-0.08068273809557255,0.04587444382214376
HD Mipo,2021-11-23,단일판매ㆍ공급계약체결,1,True,Low,-0.0733120656592188,0.03522100154052668
HD Mipo,2022-01-04,단일판매ㆍ공급계약체결,1,False,Mid,-0.05601847768841773,0.1440206916968974
HD Mipo,2022-01-17,단일판매ㆍ공급계약체결,1,False,Mid,0.14639094574647996,-0.0432321926279239
HD Mipo,2022-02-03,단일판매ㆍ공급계약체결,4,False,Low,-0.08062288974002794,0.0006536388362123648
HD Mipo,2022-03-11,단일판매ㆍ공급계약체결,1,False,Mid,0.1027390105086194,0.027845735805184187
HD Mipo,2022-03-21,단일판매ㆍ공급계약체결,2,False,Mid,-0.03794886479791827,0.025220533094326154
HD Mipo,2022-04-07,단일판매ㆍ공급계약체결,1,True,High,-0.04278321202293254,-0.022613375922725443
HD Mipo,2022-04-29,단일판매ㆍ공급계약체결,1,True,High,-0.006164220653734356,-0.0321548134669061
HD Mipo,2022-05-23,단일판매ㆍ공급계약체결,1,False,High,-0.021252137043732054,0.005341898123862407
HD Mipo,2022-06-08,단일판매ㆍ공급계약체결,1,False,High,0.0693469047177189,0.01253805069702581
HD Mipo,2022-07-01,단일판매ㆍ공급계약체결,1,False,High,0.14721419839516908,-0.05430052786931194
HD Mipo,2022-07-08,단일판매ㆍ공급계약체결,2,False,High,-0.05095264504318317,0.014094347163843302
HD Mipo,2022-07-11,단일판매ㆍ공급계약체결,2,False,High,-0.03917151614110494,0.02766771662343842
HD Mipo,2022-07-18,단일판매ㆍ공급계약체결,1,False,High,-0.1402039272455087,0.04268371543369731
HD Mipo,2022-08-30,단일판매ㆍ공급계약체결,1,True,High,0.04090813304992004,-0.05559252037021587
HD Mipo,2022-09-19,단일판매ㆍ공급계약체결,2,True,High,-0.0660091817764705,-0.0022136506633288425
HD Mipo,2022-12-12,단일판매ㆍ공급계약체결,1,True,Low,-0.07413296123412487,0.05150648728381309
HD Mipo,2023-01-31,단일판매ㆍ공급계약체결,1,True,Mid,-0.026524374572904713,0.013134281349740472
HD Mipo,2023-02-28,단일판매ㆍ공급계약체결,1,False,High,-0.02193428394379951,-0.018263097863642837
HD Mipo,2023-03-10,단일판매ㆍ공급계약체결,1,False,High,-0.13815250143253377,0.0023533927806372807
HD Mipo,2023-03-27,단일판매ㆍ공급계약체결,1,False,High,-0.008255795955718976,0.044800785262236374
HD Mipo,2023-03-31,단일판매ㆍ공급계약체결,1,False,High,0.0628192823602424,0.002893962927623282
HD Mipo,2023-04-14,단일판매ㆍ공급계약체결,1,False,High,-0.02421341977871947,0.03468855006065741
HD Mipo,2023-04-18,단일판매ㆍ공급계약체결,1,False,High,0.013546162430477404,0.013276403571312243
HD Mipo,2023-04-27,단일판매ㆍ공급계약체결,1,False,High,0.06542183749278277,0.008298019312498205
HD Mipo,2023-05-19,단일판매ㆍ공급계약체결,1,False,High,-0.03254612232932533,0.10170440822600127
HD Mipo,2023-05-22,단일판매ㆍ공급계약체결,1,False,Mid,-0.010959854826121586,0.07746268353359576
HD Mipo,2023-05-25,단일판매ㆍ공급계약체결,1,False,High,0.0335508284614048,-0.03018036734667765
HD Mipo,2023-05-30,단일판매ㆍ공급계약체결,1,False,High,0.029550066278563603,0.017359257789171058
HD Mipo,2023-06-23,단일판매ㆍ공급계약체결,1,False,Mid,0.050555433412524414,-0.007023812787200441
HD Mipo,2023-07-03,단일판매ㆍ공급계약체결,2,False,Mid,0.007182898201098735,0.03327965033178078
HD Mipo,2023-07-05,단일판매ㆍ공급계약체결,1,False,High,0.04304622416261681,0.004292103972348882
HD Mipo,2023-07-19,단일판매ㆍ공급계약체결,1,False,Mid,0.03930076355209432,-0.0016566326909509248
HD Mipo,2023-07-26,단일판매ㆍ공급계약체결,1,False,Mid,-0.006557179226327422,-0.07046925183761452
HD Mipo,2023-11-23,단일판매ㆍ공급계약체결,1,True,Mid,0.025286100900603188,-0.00225750539958758
HD Mipo,2024-01-09,단일판매ㆍ공급계약체결,1,True,Low,0.04859008629326404,-0.0051963221626733155
HD Mipo,2024-02-01,단일판매ㆍ공급계약체결,1,True,Low,-0.09296000779936482,-0.04390193797487797
HD Mipo,2024-02-22,단일판매ㆍ공급계약체결              ,1,False,Low,-0.09919593646241723,-0.002428414512343537
HD Mipo,2024-02-27,단일판매ㆍ공급계약체결              ,1,False,Low,-0.09118748864617975,0.010195943076772197
HD Mipo,2024-03-04,단일판매ㆍ공급계약체결              ,2,False,Low,-0.004259338194734088,-0.03684459930336889
HD Mipo,2024-04-01,단일판매ㆍ공급계약체결              ,2,False,Mid,-0.07657422470549072,0.006416285364550217
HD Mipo,2024-04-03,단일판매ㆍ공급계약체결              ,1,False,Mid,-0.08678586901619059,0.011974128781642933
HD Mipo,2024-05-02,단일판매ㆍ공급계약체결              ,1,False,High,0.21933844381407386,-0.03541914345875779
HD Mipo,2024-05-17,단일판매ㆍ공급계약체결              ,1,False,High,0.02408005434143074,-0.03857519120997593
HD Mipo,2024-06-07,단일판매ㆍ공급계약체결              ,1,False,High,-0.01788124870788017,-0.009078190388617275
HD Mipo,2024-06-10,단일판매ㆍ공급계약체결              ,1,False,High,-0.028817588272956277,0.04111815816208145
HD Mipo,2024-07-01,단일판매ㆍ공급계약체결              ,1,False,Mid,0.19554737926195356,0.012734750364444063
HD Mipo,2024-07-08,단일판매ㆍ공급계약체결              ,1,False,Mid,0.12888099076818166,0.027556142075709146
HD Mipo,2024-08-07,단일판매ㆍ공급계약체결              ,1,True,Mid,0.12373065649386925,0.03397033698564303
HD Mipo,2024-08-28,단일판매ㆍ공급계약체결              ,1,False,Mid,-0.10240249056577819,0.0015138411135804473
HD Mipo,2024-09-05,단일판매ㆍ공급계약체결              ,1,False,Mid,-0.08453134962003772,-0.044704277573774126
HD Mipo,2024-09-25,단일판매ㆍ공급계약체결              ,1,False,Mid,0.07768331538769423,-0.041558176084668136
HD Mipo,2024-10-02,단일판매ㆍ공급계약체결              ,2,False,High,-0.016771063257479648,0.019511932270926784
HD Mipo,2024-11-08,단일판매ㆍ공급계약체결              ,1,True,High,0.057543995857686485,-0.021304846573153357
HD Mipo,2025-02-10,단일판매ㆍ공급계약체결              ,1,True,Mid,-0.17375215087531581,-0.033505654894712175
HD Mipo,2025-04-17,단일판매ㆍ공급계약체결              ,1,False,High,0.12050612476778896,-5.118651531841982e-05
HD Mipo,2025-04-24,단일판매ㆍ공급계약체결              ,1,False,High,0.06866515991157793,0.1698646686266567
HD Mipo,2025-04-28,단일판매ㆍ공급계약체결              ,2,False,High,0.1776636734012868,0.005458292659439652
HD Mipo,2025-05-02,단일판매ㆍ공급계약체결              ,1,False,High,0.1878978830713382,0.022144048773304455
HD Mipo,2025-05-23,단일판매ㆍ공급계약체결              ,1,True,High,-0.014730596425192265,0.047210936388826466
HD Mipo,2025-07-24,단일판매ㆍ공급계약체결              ,1,True,Mid,0.004424146533031172,0.03685057583359887
HD Mipo,2025-09-29,단일판매ㆍ공급계약체결(자율공시)              ,2,True,Low,-0.05342492718631979,0.034235629214559304
Hanwha Ocean,2016-06-09,단일판매ㆍ공급계약체결,1,True,Mid,0.08528015093963633,0.026001559275130252
Hanwha Ocean,2018-09-28,단일판매ㆍ공급계약체결,1,True,Mid,0.10046533742536884,0.012463431315742275
Hanwha Ocean,2018-11-05,단일판매ㆍ공급계약체결,1,False,Mid,-0.018576064820429852,0.05175062380548148
Hanwha Ocean,2018-11-14,단일판매ㆍ공급계약체결,1,False,Mid,0.11286284267123098,0.05433241199849605
Hanwha Ocean,2018-12-05,단일판매ㆍ공급계약체결,1,False,Mid,-0.09375106812682941,-0.02292576610975954
Hanwha Ocean,2018-12-07,단일판매ㆍ공급계약체결,1,False,Mid,-0.08878915843816013,0.031045619152346268
Hanwha Ocean,2019-01-14,단일판매ㆍ공급계약체결,1,True,Mid,-0.09719204981302373,0.0023550305940258226
Hanwha Ocean,2019-02-25,단일판매ㆍ공급계약체결,1,True,Mid,-0.09001687822888725,-0.01477542593262389
Hanwha Ocean,2019-04-12,단일판매ㆍ공급계약체결,1,True,Mid,0.01814908402797072,0.008618143296153605
Hanwha Ocean,2019-10-11,단일판매ㆍ공급계약체결,2,False,Mid,0.010452166115966206,-0.01450216483068491
Hanwha Ocean,2019-10-15,단일판매ㆍ공급계약체결,1,False,Mid,-0.01464749100574583,-0.008410179030918884
Hanwha Ocean,2019-12-09,단일판매ㆍ공급계약체결,1,True,Mid,0.01853415143449845,0.015594069305628174
Hanwha Ocean,2019-12-30,단일판매ㆍ공급계약체결,1,True,Low,-0.024064226203396884,-0.0016115748099784846
Hanwha Ocean,2020-02-07,단일판매ㆍ공급계약체결,1,True,Mid,-0.0038874972858800733,-0.00539455254492382
Hanwha Ocean,2020-05-21,단일판매ㆍ공급계약체결,1,True,Low,-0.011431073216249471,-0.003982796420210285
Hanwha Ocean,2020-06-08,단일판매ㆍ공급계약체결,1,True,Mid,0.37904307846145985,0.03134541052327164
Hanwha Ocean,2020-10-12,단일판매ㆍ공급계약체결,2,True,Mid,0.05550254538370655,-0.025339849779781876
Hanwha Ocean,2020-11-13,단일판매ㆍ공급계약체결,1,True,Mid,0.028255232365816355,0.05492676553530816
Hanwha Ocean,2020-12-03,단일판매ㆍ공급계약체결,1,True,Mid,0.004109894243631375,-0.011389178371852056
Hanwha Ocean,2020-12-23,단일판매ㆍ공급계약체결,1,True,Mid,-0.06024251943797914,-0.013005617603472604
Hanwha Ocean,2021-02-16,단일판매ㆍ공급계약체결,1,True,Mid,0.02714662395442332,-0.0243539130988761
Hanwha Ocean,2021-03-12,단일판매ㆍ공급계약체결,1,False,Mid,-0.011243581295623646,0.03616016313648798
Hanwha Ocean,2021-03-16,단일판매ㆍ공급계약체결,1,False,Mid,0.037999249529003805,-0.0021678044475393794
Hanwha Ocean,2021-04-30,단일판매ㆍ공급계약체결,1,False,High,0.22033629049069686,0.10504638634523797
Hanwha Ocean,2021-05-12,단일판매ㆍ공급계약체결,1,False,Mid,0.2746955607488605,-0.03236237643395381
Hanwha Ocean,2021-05-31,단일판매ㆍ공급계약체결,1,False,Mid,-0.1269514969653434,0.08587106290449281
Hanwha Ocean,2021-06-14,단일판매ㆍ공급계약체결,1,False,Mid,0.11136787188697422,-0.02162272414661699
Hanwha Ocean,2021-06-21,단일판매ㆍ공급계약체결,1,False,Mid,-0.06530836678747656,0.013274912932035572
Hanwha Ocean,2021-06-29,단일판매ㆍ공급계약체결,1,False,Mid,-0.06658782792952092,-0.011563790489746827
Hanwha Ocean,2021-07-14,단일판매ㆍ공급계약체결,1,True,Mid,-0.06639831872046266,-0.005694884032746643
Hanwha Ocean,2021-08-02,단일판매ㆍ공급계약체결,1,True,Low,-0.0006243962035495047,-0.037624491391447315
Hanwha Ocean,2021-09-10,단일판매ㆍ공급계약체결,1,False,Mid,0.012675369505659593,0.03295395119660859
Hanwha Ocean,2021-09-14,단일판매ㆍ공급계약체결,1,False,Mid,0.012711864944910896,0.03808373915406916
Hanwha Ocean,2021-10-15,단일판매ㆍ공급계약체결,1,False,Mid,-0.061962522740459755,0.003039674585762456
Hanwha Ocean,2021-10-21,단일판매ㆍ공급계약체결,1,False,Mid,-0.09408874982759546,-0.015627402935678773
Hanwha Ocean,2021-11-11,단일판매ㆍ공급계약체결,1,True,Mid,-0.024225404563133827,0.07538099219068525
Hanwha Ocean,2021-12-01,단일판매ㆍ공급계약체결,1,False,Low,-0.05867785201071396,0.00920795942927138
Hanwha Ocean,2021-12-03,단일판매ㆍ공급계약체결,1,False,Low,-0.06030165429521937,-0.003939457723004733
Hanwha Ocean,2022-01-06,단일판매ㆍ공급계약체결,1,False,Mid,0.023438826004242255,0.06746777021630608
Hanwha Ocean,2022-01-11,단일판매ㆍ공급계약체결,1,False,Mid,0.14515002332357552,-0.0405492557625737
Hanwha Ocean,2022-01-17,단일판매ㆍ공급계약체결,1,False,Mid,0.117208663795557,-0.11072629429994188
Hanwha Ocean,2022-02-03,단일판매ㆍ공급계약체결,2,False,Low,-0.11812430783101252,0.06981761203843387
Hanwha Ocean,2022-03-18,단일판매ㆍ공급계약체결,1,False,Mid,-0.1409298117572525,0.026477963728472532
Hanwha Ocean,2022-03-24,단일판매ㆍ공급계약체결,1,False,High,-0.0756906630697323,0.014484183976474725
Hanwha Ocean,2022-04-15,단일판매ㆍ공급계약체결,1,True,High,0.07517649925788988,0.04085526970557797
Hanwha Ocean,2022-06-07,단일판매ㆍ공급계약체결,1,False,High,0.04590429322612278,0.03713602719643913
Hanwha Ocean,2022-06-09,단일판매ㆍ공급계약체결,1,False,High,0.11185906265657053,0.018853855618217404
Hanwha Ocean,2022-07-25,단일판매ㆍ공급계약체결,1,True,High,-0.023928834715975386,-0.031998493552448576
Hanwha Ocean,2022-08-12,단일판매ㆍ공급계약체결,1,True,High,0.057773894810068,-0.020670008703041105
Hanwha Ocean,2022-09-06,단일판매ㆍ공급계약체결,1,False,High,-0.05434819421749241,-0.007469773542062082
Hanwha Ocean,2022-09-22,단일판매ㆍ공급계약체결,1,False,High,0.14662885694143246,0.060164917542169266
Hanwha Ocean,2022-10-04,단일판매ㆍ공급계약체결,2,False,Mid,0.09389560217294551,-0.012051756367319652
Hanwha Ocean,2022-10-21,단일판매ㆍ공급계약체결,1,True,Mid,-0.030481504859845923,-0.0388050681642096
Hanwha Ocean,2022-11-07,단일판매ㆍ공급계약체결,1,False,Mid,-0.04062074457697379,0.0015548409671807557
Hanwha Ocean,2022-11-08,단일판매ㆍ공급계약체결,1,False,Mid,-0.0448273232535079,-0.007616769606764674
Hanwha Ocean,2023-02-13,단일판매ㆍ공급계약체결,1,True,Mid,0.1641252808915073,0.06951491183458566
Hanwha Ocean,2023-03-14,단일판매ㆍ공급계약체결,1,True,High,-0.1392034058476145,0.0819936943566713
Hanwha Ocean,2023-04-07,단일판매ㆍ공급계약체결,1,True,High,0.022073095675490713,-0.026151109164394365
Hanwha Ocean,2023-07-31,단일판매ㆍ공급계약체결,1,True,High,-0.07113691265422611,0.062356572049028405
Hanwha Ocean,2023-11-10,단일판매ㆍ공급계약체결,1,False,Mid,-0.08983055596245827,-0.05847735626978573
Hanwha Ocean,2023-11-14,단일판매ㆍ공급계약체결,1,False,Mid,-0.14311253470076585,0.06859621891037057
Hanwha Ocean,2023-11-27,단일판매ㆍ공급계약체결,1,False,Mid,-0.07594627969185033,0.11065197055120712
Hanwha Ocean,2023-12-22,단일판매ㆍ공급계약체결,1,True,Low,-0.11265303284758751,-0.0009816454670421534
Hanwha Ocean,2024-01-22,단일판매ㆍ공급계약체결,1,True,Mid,-0.06714656247680542,-0.014540450156045118
Hanwha Ocean,2024-02-23,단일판매ㆍ공급계약체결              ,1,True,Low,-0.07951923484719993,0.06405135475263415
Hanwha Ocean,2024-03-25,단일판매ㆍ공급계약체결              ,1,False,Mid,0.2785015880799242,-0.04501773010007103
Hanwha Ocean,2024-04-02,단일판매ㆍ공급계약체결              ,1,False,Mid,-0.07541670818131521,0.016495255338225715
Hanwha Ocean,2024-04-17,단일판매ㆍ공급계약체결(자율공시)              ,1,False,High,0.12213080922002158,0.13288363193181346
Hanwha Ocean,2024-04-30,단일판매ㆍ공급계약체결              ,1,False,High,0.10960685079811691,-0.06050312950416602
Hanwha Ocean,2024-07-01,단일판매ㆍ공급계약체결              ,2,True,Mid,-0.0702731978388551,0.02727036365200089
Hanwha Ocean,2024-08-23,단일판매ㆍ공급계약체결              ,1,True,Mid,0.0029511007467411046,0.021660906934738905
Hanwha Ocean,2024-10-02,단일판매ㆍ공급계약체결              ,1,False,High,0.005228582522685786,0.03618800555690814
Hanwha Ocean,2024-10-10,단일판매ㆍ공급계약체결              ,1,False,High,-0.06564122622764469,-0.0016960727344612903
Hanwha Ocean,2024-11-11,단일판매ㆍ공급계약체결              ,1,False,High,0.22132627972997665,0.05784053031212337
Hanwha Ocean,2024-11-18,단일판매ㆍ공급계약체결              ,1,False,High,0.47059250083309273,-0.08467356609215304
Hanwha Ocean,2024-12-19,단일판매ㆍ공급계약체결              ,1,True,Mid,-0.0620282627264698,0.06555422184613521
Hanwha Ocean,2025-02-10,단일판매ㆍ공급계약체결              ,1,True,Mid,0.1620013442841508,0.015225745162853063
Hanwha Ocean,2025-02-25,단일판매ㆍ공급계약체결              ,1,True,Mid,0.13021112929921655,0.010050723097110796
Hanwha Ocean,2025-03-17,단일판매ㆍ공급계약체결              ,1,True,Mid,-0.003778516894047755,0.06169535931635487
Hanwha Ocean,2025-04-01,단일판매ㆍ공급계약체결              ,1,True,High,-0.1091454775796061,0.013458016378569599
Hanwha Ocean,2025-04-28,단일판매ㆍ공급계약체결              ,1,True,High,0.046364026980447344,-0.14708741960726726
Hanwha Ocean,2025-07-22,단일판매ㆍ공급계약체결              ,1,False,Mid,0.029150069231648573,-0.010641842129100933
Hanwha Ocean,2025-07-29,단일판매ㆍ공급계약체결              ,2,False,Mid,0.1903157226808948,-0.012831696142755077
Hanwha Ocean,2025-08-27,단일판매ㆍ공급계약체결              ,1,False,Low,-0.01900418183730493,0.005708790309324172
Hanwha Ocean,2025-09-05,단일판매ㆍ공급계약체결              ,1,False,Low,0.006772913012260667,-0.08298870528535689
Hanwha Ocean,2025-09-17,단일판매ㆍ공급계약체결              ,1,False,Low,-0.2315629917264298,-0.012250935968566648
Hanwha Ocean,2025-10-01,단일판매ㆍ공급계약체결              ,1,False,Low,-0.05221863405400891,-0.02926065534631
Hanwha Ocean,2025-11-24,단일판매ㆍ공급계약체결              ,1,False,Mid,-0.07987482255209832,-0.06692670045811558
Hanwha Ocean,2025-11-28,단일판매ㆍ공급계약체결              ,1,False,Mid,-0.16841842457523465,-0.045362515813396315
Hanwha Ocean,2025-12-02,단일판매ㆍ공급계약체결              ,1,False,Mid,-0.22886733899327097,-0.0022662986465544956
Hanwha Ocean,2025-12-19,단일판매ㆍ공급계약체결              ,1,False,Mid,-0.07209602061368056,0.02774505074294189
Hanwha Ocean,2025-12-23,단일판매ㆍ공급계약체결              ,1,False,Mid,-0.08026449063106839,0.0781115275055407
Hanwha Ocean,2026-01-15,단일판매ㆍ공급계약체결              ,1,False,Mid,0.09686437942953463,0.010843796421333624
Hanwha Ocean,2026-01-21,단일판매ㆍ공급계약체결              ,1,False,Mid,0.12818892019479702,-0.08099675623391782
Hanwha Ocean,2026-02-06,단일판매ㆍ공급계약체결              ,1,True,Mid,-0.071161281068148,-0.041949000256614584
Hanwha Ocean,2026-03-25,단일판매ㆍ공급계약체결              ,2,True,High,-0.023948604614335806,0.03951172868171732
Hanwha Ocean,2026-04-09,단일판매ㆍ공급계약체결              ,1,True,High,-0.013831953613372763,-0.033482700496598655
Hanwha Ocean,2026-05-04,단일판매ㆍ공급계약체결              ,1,False,High,-0.04682332864964907,-0.11337917401086461
Hanwha Ocean,2026-05-11,단일판매ㆍ공급계약체결              ,1,False,High,-0.19826066645392906,-0.046251065217710226
Hanwha Ocean,2026-05-29,단일판매ㆍ공급계약체결              ,1,False,High,-0.0007161505301889054,-0.056300323760112736
Hanwha Ocean,2026-06-12,단일판매ㆍ공급계약체결              ,1,False,High,-0.19396459021776222,0.08880103024549407
Hanwha Ocean,2026-07-15,단일판매ㆍ공급계약체결              ,1,True,High,-0.05611578477606455,0.12841380140027042
Hanwha Ocean,2026-07-31,단일판매ㆍ공급계약체결              ,1,False,High,0.17795384359304794,-0.044161400864747805
Hanwha Ocean,2026-08-03,단일판매ㆍ공급계약체결              ,1,False,High,0.01490000833645709,0.05680281535915544
Hanwha Ocean,2026-09-01,단일판매ㆍ공급계약체결              ,1,False,High,-0.03832692410693545,-0.034513123720882666
Hanwha Ocean,2026-09-03,단일판매ㆍ공급계약체결              ,1,False,High,-0.04714120009110333,0.05089612906499717
HD HHI,2022-05-17,단일판매ㆍ공급계약체결,1,True,High,-0.08838252566144274,-0.09120384179103999
HD HHI,2022-06-07,단일판매ㆍ공급계약체결,1,True,High,0.05128102999555004,0.053108427425386476
HD HHI,2022-06-27,단일판매ㆍ공급계약체결,1,False,High,0.006569512088753827,0.04361336368594899
HD HHI,2022-07-07,단일판매ㆍ공급계약체결,1,False,High,-0.12380228886413946,0.017546595767294282
HD HHI,2022-08-10,단일판매ㆍ공급계약체결,1,True,High,0.031532454531645125,0.036638022472348736
HD HHI,2022-09-05,단일판매ㆍ공급계약체결,1,True,High,-0.024287453071786154,0.007391425571914079
HD HHI,2022-10-05,단일판매ㆍ공급계약체결,2,True,Mid,0.05882774433941815,0.026261207323994014
HD HHI,2022-11-11,단일판매ㆍ공급계약체결,1,True,Low,-0.035793131910143855,0.014929721204796211
HD HHI,2022-12-01,단일판매ㆍ공급계약체결,1,False,Low,0.01924996744787738,-0.01753926873526474
HD HHI,2022-12-09,단일판매ㆍ공급계약체결,1,False,Low,0.04041079022796784,-0.02516994383528493
HD HHI,2022-12-14,단일판매ㆍ공급계약체결,1,False,Low,0.04868708697150051,-0.019949443858372384
HD HHI,2023-01-17,단일판매ㆍ공급계약체결,1,False,Mid,-0.16726682166906165,0.0062656023005561515
HD HHI,2023-01-20,단일판매ㆍ공급계약체결,1,False,Mid,-0.05487758273090062,-0.019115738441682385
HD HHI,2023-02-17,단일판매ㆍ공급계약체결,1,True,Mid,-0.06120255285605093,0.017281552950509878
HD HHI,2023-03-20,단일판매ㆍ공급계약체결,1,True,High,-0.07486711822532754,0.05243400832538767
HD HHI,2023-05-02,단일판매ㆍ공급계약체결,2,True,High,0.08501400670058593,-0.0004836218862536677
HD HHI,2023-06-01,단일판매ㆍ공급계약체결,1,True,Mid,-0.0019648249767962797,0.002138453622318387
HD HHI,2023-07-03,단일판매ㆍ공급계약체결,1,False,Mid,0.06754431495212282,0.023425605506031497
HD HHI,2023-07-07,단일판매ㆍ공급계약체결,1,False,High,0.06900948889879177,0.027791053761681506
HD HHI,2023-08-03,단일판매ㆍ공급계약체결,1,True,Mid,-0.04782211388366156,-0.009999586327581092
HD HHI,2023-08-21,단일판매ㆍ공급계약체결,1,True,Mid,-0.07864067561714183,0.004577089406251981
HD HHI,2023-09-07,단일판매ㆍ공급계약체결,2,True,Mid,0.03234416369622796,-0.006938347290314865
HD HHI,2023-10-26,단일판매ㆍ공급계약체결,1,True,High,0.016462975850917383,-0.019870525640680103
HD HHI,2023-11-14,단일판매ㆍ공급계약체결,1,False,Mid,-0.030976801201178683,0.012230819738095682
HD HHI,2023-11-17,단일판매ㆍ공급계약체결,1,False,Mid,-0.014225518632295889,0.021120101873680474
HD HHI,2023-12-15,단일판매ㆍ공급계약체결,1,True,Low,-0.007633013238455416,-0.03262985837124641
HD HHI,2024-01-05,단일판매ㆍ공급계약체결,1,False,Low,-0.006603932347578396,0.037252507873397116
HD HHI,2024-01-08,단일판매ㆍ공급계약체결,1,False,Low,0.007697007069713749,0.01942131272759753
HD HHI,2024-01-15,단일판매ㆍ공급계약체결,1,False,Mid,-0.02026536183545644,0.009699979237662738
HD HHI,2024-01-18,단일판매ㆍ공급계약체결,1,False,Low,-0.005036888359640232,0.036381896841138045
HD HHI,2024-01-22,단일판매ㆍ공급계약체결,1,False,Mid,0.029924640398042806,-0.011792042452373523
HD HHI,2024-01-29,단일판매ㆍ공급계약체결,1,False,Low,0.02321554900206145,-0.04856039445886744
HD HHI,2024-01-31,단일판매ㆍ공급계약체결,1,False,Low,-0.03574885429557394,-0.03969434750169744
HD HHI,2024-02-20,단일판매ㆍ공급계약체결              ,1,False,Low,-0.07796766916596581,0.0172545566738321
HD HHI,2024-03-06,단일판매ㆍ공급계약체결              ,1,False,Low,0.024037185432892093,-0.006368753353654312
HD HHI,2024-03-18,단일판매ㆍ공급계약체결              ,1,False,Mid,-0.021570496413348027,0.04767247841046946
HD HHI,2024-04-17,단일판매ㆍ공급계약체결              ,1,True,High,-0.03206072550029967,0.06428100668746128
HD HHI,2024-05-03,단일판매ㆍ공급계약체결              ,1,True,High,0.16655099485781144,0.008772353416325245
HD HHI,2024-07-08,단일판매ㆍ공급계약체결              ,1,False,Mid,-0.011925101594850523,0.021841666559404255
HD HHI,2024-07-15,단일판매ㆍ공급계약체결              ,1,False,Mid,-0.007302271014594172,0.05907856719219544
HD HHI,2024-10-15,단일판매ㆍ공급계약체결              ,1,True,High,-0.07898745293203176,0.04797134877718497
HD HHI,2024-11-18,단일판매ㆍ공급계약체결              ,1,True,High,0.2427924706594736,0.02702967736263772
HD HHI,2025-01-23,단일판매ㆍ공급계약체결              ,1,True,Mid,-0.0036418535974960323,-0.041646803464641946
HD HHI,2025-03-04,단일판매ㆍ공급계약체결              ,1,True,Mid,-0.14561972203200368,0.05092403825472283
HD HHI,2025-06-10,단일판매ㆍ공급계약체결              ,1,False,High,-0.07952179691617323,-0.026695304844359093
HD HHI,2025-06-13,단일판매ㆍ공급계약체결(자율공시)              ,1,False,High,-0.13304572266540843,0.049042007331268546
HD HHI,2025-07-08,단일판매ㆍ공급계약체결              ,1,True,Mid,-0.19669329544837225,0.012926046459435521
HD HHI,2025-09-08,단일판매ㆍ공급계약체결              ,1,True,Low,0.02288170744570699,-0.0399039092604065
HD HHI,2025-10-20,단일판매ㆍ공급계약체결              ,1,False,Mid,-0.10350104185900719,0.07788603288543942
HD HHI,2025-10-30,단일판매ㆍ공급계약체결              ,1,False,Mid,0.02329213628205412,-0.005455341512282436
HD HHI,2025-11-10,단일판매ㆍ공급계약체결              ,1,False,Mid,-0.16607624600089016,-0.018595478130779303
HD HHI,2025-11-14,단일판매ㆍ공급계약체결(자율공시)              ,1,False,Mid,-0.09858128665909384,0.07013530897541242
HD HHI,2025-11-24,단일판매ㆍ공급계약체결              ,1,False,Mid,0.058513884229186866,-0.01994469617817899
HD HHI,2025-12-11,단일판매ㆍ공급계약체결(자율공시)              ,1,False,High,-0.033100659473703956,-0.008680529833627316
HD HHI,2025-12-24,단일판매ㆍ공급계약체결              ,1,False,Mid,-0.09106096225107208,-0.04668844499740409
HD HHI,2025-12-26,단일판매ㆍ공급계약체결              ,1,False,Mid,-0.10960982648884107,-0.02165303982810094
HD HHI,2026-01-06,단일판매ㆍ공급계약체결              ,1,False,Mid,-0.11520415438232365,0.06200726380708632
HD HHI,2026-01-20,단일판매ㆍ공급계약체결              ,1,False,Mid,0.14155540697055619,-0.029782071761018082
HD HHI,2026-02-26,단일판매ㆍ공급계약체결              ,1,False,Mid,-0.08006451590949494,-0.011673745681630692
HD HHI,2026-02-27,단일판매ㆍ공급계약체결              ,1,False,Mid,-0.08763466366614289,0.07629957877434165
HD HHI,2026-03-05,단일판매ㆍ공급계약체결              ,1,False,High,0.013911957722044309,-0.008071181177835155
HD HHI,2026-03-16,단일판매ㆍ공급계약체결              ,1,False,High,0.1375486654054059,-0.042073628455729
HD HHI,2026-04-03,단일판매ㆍ공급계약체결(자율공시)              ,2,False,High,-0.16675076674179637,0.03621816784706559
HD HHI,2026-04-16,단일판매ㆍ공급계약체결(자율공시)              ,1,False,High,-0.042985148847522005,0.06678349736222035
HD HHI,2026-04-17,단일판매ㆍ공급계약체결              ,1,False,High,-0.03420381626354403,0.06197845187937984
HD HHI,2026-04-22,단일판매ㆍ공급계약체결              ,2,False,High,0.09114507941115649,0.10201107997378175
HD HHI,2026-05-04,단일판매ㆍ공급계약체결              ,1,False,High,0.30106468451868434,-0.1410155919105368
HD HHI,2026-05-08,단일판매ㆍ공급계약체결(자율공시)              ,2,False,High,0.07630045972053368,-0.04282092407164533
HD HHI,2026-05-14,단일판매ㆍ공급계약체결              ,1,False,High,-0.03270343677989128,-0.09297173302267417
HD HHI,2026-06-01,단일판매ㆍ공급계약체결              ,1,False,High,0.0157100525910824,-0.05803247637366632
HD HHI,2026-06-08,단일판매ㆍ공급계약체결(자율공시)              ,1,False,High,-0.034605875127538745,-0.07633344415021548
HD HHI,2026-07-01,단일판매ㆍ공급계약체결(자율공시)              ,2,False,High,-0.13589894463384858,0.06720409696836108
HD HHI,2026-07-09,단일판매ㆍ공급계약체결              ,1,False,High,-0.022561692896500937,-0.04616994862498938
HD HHI,2026-08-10,단일판매ㆍ공급계약체결              ,1,False,High,0.08601500275580057,-0.008553647722845469
HD HHI,2026-08-24,단일판매ㆍ공급계약체결              ,1,False,High,-0.15001154224200033,0.04156438209016705
